gutenberg_id	bytes	source_path	repo_path
12	537	1/12/LICENSE.txt	books_txt/12.txt
15	537	1/15/LICENSE.txt	books_txt/15.txt
23	537	2/23/LICENSE.txt	books_txt/23.txt
26	537	2/26/LICENSE.txt	books_txt/26.txt
29	537	2/29/LICENSE.txt	books_txt/29.txt
35	537	3/35/LICENSE.txt	books_txt/35.txt
36	537	3/36/LICENSE.txt	books_txt/36.txt
37	537	3/37/LICENSE.txt	books_txt/37.txt
40	410	4/40/40-readme.txt	books_txt/40.txt
41	537	4/41/LICENSE.txt	books_txt/41.txt
43	537	4/43/LICENSE.txt	books_txt/43.txt
64	537	6/64/LICENSE.txt	books_txt/64.txt
76	537	7/76/LICENSE.txt	books_txt/76.txt
84	537	8/84/LICENSE.txt	books_txt/84.txt
98	537	9/98/LICENSE.txt	books_txt/98.txt
108	537	1/0/108/LICENSE.txt	books_txt/108.txt
114	537	1/1/114/LICENSE.txt	books_txt/114.txt
117	505	1/1/117/117-0.txt	books_txt/117.txt
120	537	1/2/120/LICENSE.txt	books_txt/120.txt
140	537	1/4/140/LICENSE.txt	books_txt/140.txt
141	537	1/4/141/LICENSE.txt	books_txt/141.txt
145	537	1/4/145/LICENSE.txt	books_txt/145.txt
155	537	1/5/155/LICENSE.txt	books_txt/155.txt
158	537	1/5/158/LICENSE.txt	books_txt/158.txt
160	537	1/6/160/LICENSE.txt	books_txt/160.txt
205	537	2/0/205/LICENSE.txt	books_txt/205.txt
209	537	2/0/209/LICENSE.txt	books_txt/209.txt
211	537	2/1/211/LICENSE.txt	books_txt/211.txt
225	537	2/2/225/LICENSE.txt	books_txt/225.txt
242	537	2/4/242/LICENSE.txt	books_txt/242.txt
244	537	2/4/244/LICENSE.txt	books_txt/244.txt
271	537	2/7/271/LICENSE.txt	books_txt/271.txt
301	537	3/0/301/LICENSE.txt	books_txt/301.txt
325	537	3/2/325/LICENSE.txt	books_txt/325.txt
366	537	3/6/366/LICENSE.txt	books_txt/366.txt
370	537	3/7/370/LICENSE.txt	books_txt/370.txt
394	537	3/9/394/LICENSE.txt	books_txt/394.txt
416	537	4/1/416/LICENSE.txt	books_txt/416.txt
420	537	4/2/420/LICENSE.txt	books_txt/420.txt
482	537	4/8/482/LICENSE.txt	books_txt/482.txt
485	537	4/8/485/LICENSE.txt	books_txt/485.txt
486	537	4/8/486/LICENSE.txt	books_txt/486.txt
503	537	5/0/503/LICENSE.txt	books_txt/503.txt
517	537	5/1/517/LICENSE.txt	books_txt/517.txt
541	537	5/4/541/LICENSE.txt	books_txt/541.txt
560	537	5/6/560/LICENSE.txt	books_txt/560.txt
561	537	5/6/561/LICENSE.txt	books_txt/561.txt
580	537	5/8/580/LICENSE.txt	books_txt/580.txt
583	537	5/8/583/LICENSE.txt	books_txt/583.txt
600	537	6/0/600/LICENSE.txt	books_txt/600.txt
601	537	6/0/601/LICENSE.txt	books_txt/601.txt
718	537	7/1/718/LICENSE.txt	books_txt/718.txt
767	537	7/6/767/LICENSE.txt	books_txt/767.txt
768	537	7/6/768/LICENSE.txt	books_txt/768.txt
775	537	7/7/775/LICENSE.txt	books_txt/775.txt
780	537	7/8/780/LICENSE.txt	books_txt/780.txt
792	537	7/9/792/LICENSE.txt	books_txt/792.txt
808	537	8/0/808/LICENSE.txt	books_txt/808.txt
831	537	8/3/831/LICENSE.txt	books_txt/831.txt
900	472	9/0/900/readme_warning.txt	books_txt/900.txt
903	537	9/0/903/LICENSE.txt	books_txt/903.txt
949	537	9/4/949/LICENSE.txt	books_txt/949.txt
955	537	9/5/955/LICENSE.txt	books_txt/955.txt
957	537	9/5/957/LICENSE.txt	books_txt/957.txt
958	537	9/5/958/LICENSE.txt	books_txt/958.txt
961	537	9/6/961/LICENSE.txt	books_txt/961.txt
972	537	9/7/972/LICENSE.txt	books_txt/972.txt
981	537	9/8/981/LICENSE.txt	books_txt/981.txt
1013	537	1/0/1/1013/LICENSE.txt	books_txt/1013.txt
1053	537	1/0/5/1053/LICENSE.txt	books_txt/1053.txt
1067	537	1/0/6/1067/LICENSE.txt	books_txt/1067.txt
1100	537	1/1/0/1100/LICENSE.txt	books_txt/1100.txt
1159	537	1/1/5/1159/LICENSE.txt	books_txt/1159.txt
1184	537	1/1/8/1184/LICENSE.txt	books_txt/1184.txt
1232	537	1/2/3/1232/LICENSE.txt	books_txt/1232.txt
1250	537	1/2/5/1250/LICENSE.txt	books_txt/1250.txt
1252	537	1/2/5/1252/LICENSE.txt	books_txt/1252.txt
1257	537	1/2/5/1257/LICENSE.txt	books_txt/1257.txt
1261	537	1/2/6/1261/LICENSE.txt	books_txt/1261.txt
1342	537	1/3/4/1342/LICENSE.txt	books_txt/1342.txt
1353	537	1/3/5/1353/LICENSE.txt	books_txt/1353.txt
1375	537	1/3/7/1375/LICENSE.txt	books_txt/1375.txt
1408	537	1/4/0/1408/LICENSE.txt	books_txt/1408.txt
1497	537	1/4/9/1497/LICENSE.txt	books_txt/1497.txt
1597	537	1/5/9/1597/LICENSE.txt	books_txt/1597.txt
1624	537	1/6/2/1624/LICENSE.txt	books_txt/1624.txt
1640	537	1/6/4/1640/LICENSE.txt	books_txt/1640.txt
1873	537	1/8/7/1873/LICENSE.txt	books_txt/1873.txt
1895	537	1/8/9/1895/LICENSE.txt	books_txt/1895.txt
1948	537	1/9/4/1948/LICENSE.txt	books_txt/1948.txt
1996	537	1/9/9/1996/LICENSE.txt	books_txt/1996.txt
2002	537	2/0/0/2002/LICENSE.txt	books_txt/2002.txt
2057	537	2/0/5/2057/LICENSE.txt	books_txt/2057.txt
2097	537	2/0/9/2097/LICENSE.txt	books_txt/2097.txt
2147	537	2/1/4/2147/LICENSE.txt	books_txt/2147.txt
2148	537	2/1/4/2148/LICENSE.txt	books_txt/2148.txt
2149	537	2/1/4/2149/LICENSE.txt	books_txt/2149.txt
2150	537	2/1/5/2150/LICENSE.txt	books_txt/2150.txt
2151	537	2/1/5/2151/LICENSE.txt	books_txt/2151.txt
2226	537	2/2/2/2226/LICENSE.txt	books_txt/2226.txt
2229	537	2/2/2/2229/LICENSE.txt	books_txt/2229.txt
2317	537	2/3/1/2317/LICENSE.txt	books_txt/2317.txt
2397	537	2/3/9/2397/LICENSE.txt	books_txt/2397.txt
2465	537	2/4/6/2465/LICENSE.txt	books_txt/2465.txt
2536	537	2/5/3/2536/LICENSE.txt	books_txt/2536.txt
2542	537	2/5/4/2542/LICENSE.txt	books_txt/2542.txt
2554	537	2/5/5/2554/LICENSE.txt	books_txt/2554.txt
2605	537	2/6/0/2605/LICENSE.txt	books_txt/2605.txt
2607	537	2/6/0/2607/LICENSE.txt	books_txt/2607.txt
2609	537	2/6/0/2609/LICENSE.txt	books_txt/2609.txt
2619	537	2/6/1/2619/LICENSE.txt	books_txt/2619.txt
2620	537	2/6/2/2620/LICENSE.txt	books_txt/2620.txt
2621	537	2/6/2/2621/LICENSE.txt	books_txt/2621.txt
2622	537	2/6/2/2622/LICENSE.txt	books_txt/2622.txt
2677	537	2/6/7/2677/LICENSE.txt	books_txt/2677.txt
2680	539	2/6/8/2680/LICENSE.txt	books_txt/2680.txt
2701	537	2/7/0/2701/LICENSE.txt	books_txt/2701.txt
2737	537	2/7/3/2737/LICENSE.txt	books_txt/2737.txt
2775	537	2/7/7/2775/LICENSE.txt	books_txt/2775.txt
2800	537	2/8/0/2800/LICENSE.txt	books_txt/2800.txt
2810	537	2/8/1/2810/LICENSE.txt	books_txt/2810.txt
2818	537	2/8/1/2818/LICENSE.txt	books_txt/2818.txt
2868	537	2/8/6/2868/LICENSE.txt	books_txt/2868.txt
2892	537	2/8/9/2892/LICENSE.txt	books_txt/2892.txt
3011	537	3/0/1/3011/LICENSE.txt	books_txt/3011.txt
3016	537	3/0/1/3016/LICENSE.txt	books_txt/3016.txt
3084	537	3/0/8/3084/LICENSE.txt	books_txt/3084.txt
3090	537	3/0/9/3090/LICENSE.txt	books_txt/3090.txt
3127	537	3/1/2/3127/LICENSE.txt	books_txt/3127.txt
3160	537	3/1/6/3160/LICENSE.txt	books_txt/3160.txt
3201	537	3/2/0/3201/LICENSE.txt	books_txt/3201.txt
3292	537	3/2/9/3292/LICENSE.txt	books_txt/3292.txt
3333	537	3/3/3/3333/LICENSE.txt	books_txt/3333.txt
3409	537	3/4/0/3409/LICENSE.txt	books_txt/3409.txt
3567	537	3/5/6/3567/LICENSE.txt	books_txt/3567.txt
3638	537	3/6/3/3638/LICENSE.txt	books_txt/3638.txt
3695	537	3/6/9/3695/LICENSE.txt	books_txt/3695.txt
3748	537	3/7/4/3748/LICENSE.txt	books_txt/3748.txt
4032	537	4/0/3/4032/LICENSE.txt	books_txt/4032.txt
4045	537	4/0/4/4045/LICENSE.txt	books_txt/4045.txt
4085	537	4/0/8/4085/LICENSE.txt	books_txt/4085.txt
4240	537	4/2/4/4240/LICENSE.txt	books_txt/4240.txt
4361	537	4/3/6/4361/LICENSE.txt	books_txt/4361.txt
4367	537	4/3/6/4367/LICENSE.txt	books_txt/4367.txt
4368	537	4/3/6/4368/LICENSE.txt	books_txt/4368.txt
4383	537	4/3/8/4383/LICENSE.txt	books_txt/4383.txt
4396	537	4/3/9/4396/LICENSE.txt	books_txt/4396.txt
4397	537	4/3/9/4397/LICENSE.txt	books_txt/4397.txt
4526	537	4/5/2/4526/LICENSE.txt	books_txt/4526.txt
4540	537	4/5/4/4540/LICENSE.txt	books_txt/4540.txt
4917	537	4/9/1/4917/LICENSE.txt	books_txt/4917.txt
4933	537	4/9/3/4933/LICENSE.txt	books_txt/4933.txt
4957	537	4/9/5/4957/LICENSE.txt	books_txt/4957.txt
4958	537	4/9/5/4958/LICENSE.txt	books_txt/4958.txt
4959	537	4/9/5/4959/LICENSE.txt	books_txt/4959.txt
4972	537	4/9/7/4972/LICENSE.txt	books_txt/4972.txt
5000	537	5/0/0/5000/LICENSE.txt	books_txt/5000.txt
5072	537	5/0/7/5072/LICENSE.txt	books_txt/5072.txt
5136	537	5/1/3/5136/LICENSE.txt	books_txt/5136.txt
5152	537	5/1/5/5152/LICENSE.txt	books_txt/5152.txt
5173	537	5/1/7/5173/LICENSE.txt	books_txt/5173.txt
5180	537	5/1/8/5180/LICENSE.txt	books_txt/5180.txt
5185	537	5/1/8/5185/LICENSE.txt	books_txt/5185.txt
5197	537	5/1/9/5197/LICENSE.txt	books_txt/5197.txt
5200	537	5/2/0/5200/LICENSE.txt	books_txt/5200.txt
5242	537	5/2/4/5242/LICENSE.txt	books_txt/5242.txt
5243	537	5/2/4/5243/LICENSE.txt	books_txt/5243.txt
5244	537	5/2/4/5244/LICENSE.txt	books_txt/5244.txt
5245	537	5/2/4/5245/LICENSE.txt	books_txt/5245.txt
5247	537	5/2/4/5247/LICENSE.txt	books_txt/5247.txt
5257	537	5/2/5/5257/LICENSE.txt	books_txt/5257.txt
5273	537	5/2/7/5273/LICENSE.txt	books_txt/5273.txt
5350	537	5/3/5/5350/LICENSE.txt	books_txt/5350.txt
5620	537	5/6/2/5620/LICENSE.txt	books_txt/5620.txt
5642	537	5/6/4/5642/LICENSE.txt	books_txt/5642.txt
5663	537	5/6/6/5663/LICENSE.txt	books_txt/5663.txt
5664	537	5/6/6/5664/LICENSE.txt	books_txt/5664.txt
5665	537	5/6/6/5665/LICENSE.txt	books_txt/5665.txt
5666	537	5/6/6/5666/LICENSE.txt	books_txt/5666.txt
5678	537	5/6/7/5678/LICENSE.txt	books_txt/5678.txt
5679	537	5/6/7/5679/LICENSE.txt	books_txt/5679.txt
5680	537	5/6/8/5680/LICENSE.txt	books_txt/5680.txt
5682	537	5/6/8/5682/LICENSE.txt	books_txt/5682.txt
5685	537	5/6/8/5685/LICENSE.txt	books_txt/5685.txt
5860	537	5/8/6/5860/LICENSE.txt	books_txt/5860.txt
5861	537	5/8/6/5861/LICENSE.txt	books_txt/5861.txt
5998	537	5/9/9/5998/LICENSE.txt	books_txt/5998.txt
5999	537	5/9/9/5999/LICENSE.txt	books_txt/5999.txt
6048	537	6/0/4/6048/LICENSE.txt	books_txt/6048.txt
6130	537	6/1/3/6130/LICENSE.txt	books_txt/6130.txt
6133	537	6/1/3/6133/LICENSE.txt	books_txt/6133.txt
6400	537	6/4/0/6400/LICENSE.txt	books_txt/6400.txt
6593	537	6/5/9/6593/LICENSE.txt	books_txt/6593.txt
6621	537	6/6/2/6621/LICENSE.txt	books_txt/6621.txt
6704	537	6/7/0/6704/LICENSE.txt	books_txt/6704.txt
6753	537	6/7/5/6753/LICENSE.txt	books_txt/6753.txt
6955	537	6/9/5/6955/LICENSE.txt	books_txt/6955.txt
7005	537	7/0/0/7005/LICENSE.txt	books_txt/7005.txt
7027	537	7/0/2/7027/LICENSE.txt	books_txt/7027.txt
7038	537	7/0/3/7038/LICENSE.txt	books_txt/7038.txt
7142	537	7/1/4/7142/LICENSE.txt	books_txt/7142.txt
7423	537	7/4/2/7423/LICENSE.txt	books_txt/7423.txt
7478	537	7/4/7/7478/LICENSE.txt	books_txt/7478.txt
7516	537	7/5/1/7516/LICENSE.txt	books_txt/7516.txt
7787	537	7/7/8/7787/LICENSE.txt	books_txt/7787.txt
7849	537	7/8/4/7849/LICENSE.txt	books_txt/7849.txt
8164	537	8/1/6/8164/LICENSE.txt	books_txt/8164.txt
8176	537	8/1/7/8176/LICENSE.txt	books_txt/8176.txt
8203	537	8/2/0/8203/LICENSE.txt	books_txt/8203.txt
8300	537	8/3/0/8300/LICENSE.txt	books_txt/8300.txt
8373	537	8/3/7/8373/LICENSE.txt	books_txt/8373.txt
8492	537	8/4/9/8492/LICENSE.txt	books_txt/8492.txt
8596	537	8/5/9/8596/LICENSE.txt	books_txt/8596.txt
8724	537	8/7/2/8724/LICENSE.txt	books_txt/8724.txt
8800	537	8/8/0/8800/LICENSE.txt	books_txt/8800.txt
9182	537	9/1/8/9182/LICENSE.txt	books_txt/9182.txt
9512	814	9/5/1/9512/9512-readme.txt	books_txt/9512.txt
9513	845	9/5/1/9513/9513-readme.txt	books_txt/9513.txt
9514	537	9/5/1/9514/LICENSE.txt	books_txt/9514.txt
9515	798	9/5/1/9515/9515-readme.txt	books_txt/9515.txt
9516	845	9/5/1/9516/9516-readme.txt	books_txt/9516.txt
9656	537	9/6/5/9656/LICENSE.txt	books_txt/9656.txt
9658	537	9/6/5/9658/LICENSE.txt	books_txt/9658.txt
9806	537	9/8/0/9806/LICENSE.txt	books_txt/9806.txt
9830	537	9/8/3/9830/LICENSE.txt	books_txt/9830.txt
9881	537	9/8/8/9881/LICENSE.txt	books_txt/9881.txt
9920	537	9/9/2/9920/LICENSE.txt	books_txt/9920.txt
10116	537	1/0/1/1/10116/LICENSE.txt	books_txt/10116.txt
10148	537	1/0/1/4/10148/LICENSE.txt	books_txt/10148.txt
10310	679	1/0/3/1/10310/10310-0.txt	books_txt/10310.txt
10368	537	1/0/3/6/10368/LICENSE.txt	books_txt/10368.txt
10378	537	1/0/3/7/10378/LICENSE.txt	books_txt/10378.txt
10470	772	1/0/4/7/10470/10470-0.txt	books_txt/10470.txt
10486	843	1/0/4/8/10486/10486-0.txt	books_txt/10486.txt
10487	843	1/0/4/8/10487/10487-0.txt	books_txt/10487.txt
10488	800	1/0/4/8/10488/10488-0.txt	books_txt/10488.txt
10499	843	1/0/4/9/10499/10499-0.txt	books_txt/10499.txt
10524	621	1/0/5/2/10524/10524-0.txt	books_txt/10524.txt
10527	825	1/0/5/2/10527/10527-0.txt	books_txt/10527.txt
10535	949	1/0/5/3/10535/10535-0.txt	books_txt/10535.txt
10559	161	1/0/5/5/10559/10559-readme.txt	books_txt/10559.txt
10590	537	1/0/5/9/10590/LICENSE.txt	books_txt/10590.txt
10615	537	1/0/6/1/10615/LICENSE.txt	books_txt/10615.txt
10624	537	1/0/6/2/10624/LICENSE.txt	books_txt/10624.txt
10645	698	1/0/6/4/10645/10645-0.txt	books_txt/10645.txt
10659	537	1/0/6/5/10659/LICENSE.txt	books_txt/10659.txt
10743	537	1/0/7/4/10743/LICENSE.txt	books_txt/10743.txt
10832	537	1/0/8/3/10832/LICENSE.txt	books_txt/10832.txt
11191	537	1/1/1/9/11191/LICENSE.txt	books_txt/11191.txt
11247	537	1/1/2/4/11247/LICENSE.txt	books_txt/11247.txt
11261	299	1/1/2/6/11261/11261-0.txt	books_txt/11261.txt
11262	299	1/1/2/6/11262/11262-0.txt	books_txt/11262.txt
11318	537	1/1/3/1/11318/LICENSE.txt	books_txt/11318.txt
11323	537	1/1/3/2/11323/LICENSE.txt	books_txt/11323.txt
11438	537	1/1/4/3/11438/LICENSE.txt	books_txt/11438.txt
11482	537	1/1/4/8/11482/LICENSE.txt	books_txt/11482.txt
11755	239	1/1/7/5/11755/11755-0.txt	books_txt/11755.txt
11800	537	1/1/8/0/11800/LICENSE.txt	books_txt/11800.txt
12037	537	1/2/0/3/12037/LICENSE.txt	books_txt/12037.txt
12187	537	1/2/1/8/12187/LICENSE.txt	books_txt/12187.txt
12242	537	1/2/2/4/12242/LICENSE.txt	books_txt/12242.txt
12314	537	1/2/3/1/12314/LICENSE.txt	books_txt/12314.txt
12621	537	1/2/6/2/12621/LICENSE.txt	books_txt/12621.txt
12701	299	1/2/7/0/12701/12701-0.txt	books_txt/12701.txt
12747	537	1/2/7/4/12747/LICENSE.txt	books_txt/12747.txt
12793	537	1/2/7/9/12793/LICENSE.txt	books_txt/12793.txt
12986	537	1/2/9/8/12986/LICENSE.txt	books_txt/12986.txt
13150	537	1/3/1/5/13150/LICENSE.txt	books_txt/13150.txt
13172	537	1/3/1/7/13172/LICENSE.txt	books_txt/13172.txt
13340	537	1/3/3/4/13340/LICENSE.txt	books_txt/13340.txt
13376	158	1/3/3/7/13376/13376-README.txt	books_txt/13376.txt
13397	537	1/3/3/9/13397/LICENSE.txt	books_txt/13397.txt
13493	537	1/3/4/9/13493/LICENSE.txt	books_txt/13493.txt
13675	537	1/3/6/7/13675/LICENSE.txt	books_txt/13675.txt
14006	537	1/4/0/0/14006/LICENSE.txt	books_txt/14006.txt
14257	537	1/4/2/5/14257/LICENSE.txt	books_txt/14257.txt
14264	537	1/4/2/6/14264/LICENSE.txt	books_txt/14264.txt
14285	537	1/4/2/8/14285/LICENSE.txt	books_txt/14285.txt
14286	537	1/4/2/8/14286/LICENSE.txt	books_txt/14286.txt
14293	537	1/4/2/9/14293/LICENSE.txt	books_txt/14293.txt
14557	299	1/4/5/5/14557/14557-0.txt	books_txt/14557.txt
14568	537	1/4/5/6/14568/LICENSE.txt	books_txt/14568.txt
14826	537	1/4/8/2/14826/LICENSE.txt	books_txt/14826.txt
14833	537	1/4/8/3/14833/LICENSE.txt	books_txt/14833.txt
14838	537	1/4/8/3/14838/LICENSE.txt	books_txt/14838.txt
14971	537	1/4/9/7/14971/LICENSE.txt	books_txt/14971.txt
15040	537	1/5/0/4/15040/LICENSE.txt	books_txt/15040.txt
15077	537	1/5/0/7/15077/LICENSE.txt	books_txt/15077.txt
15679	537	1/5/6/7/15679/LICENSE.txt	books_txt/15679.txt
15704	537	1/5/7/0/15704/LICENSE.txt	books_txt/15704.txt
16405	539	1/6/4/0/16405/LICENSE.txt	books_txt/16405.txt
16832	537	1/6/8/3/16832/LICENSE.txt	books_txt/16832.txt
16989	537	1/6/9/8/16989/LICENSE.txt	books_txt/16989.txt
17135	537	1/7/1/3/17135/LICENSE.txt	books_txt/17135.txt
17306	537	1/7/3/0/17306/LICENSE.txt	books_txt/17306.txt
17371	537	1/7/3/7/17371/LICENSE.txt	books_txt/17371.txt
17989	537	1/7/9/8/17989/LICENSE.txt	books_txt/17989.txt
17991	537	1/7/9/9/17991/LICENSE.txt	books_txt/17991.txt
17992	537	1/7/9/9/17992/LICENSE.txt	books_txt/17992.txt
18105	537	1/8/1/0/18105/LICENSE.txt	books_txt/18105.txt
18567	537	1/8/5/6/18567/LICENSE.txt	books_txt/18567.txt
18956	537	1/8/9/5/18956/LICENSE.txt	books_txt/18956.txt
19070	537	1/9/0/7/19070/LICENSE.txt	books_txt/19070.txt
19217	537	1/9/2/1/19217/LICENSE.txt	books_txt/19217.txt
19450	539	1/9/4/5/19450/LICENSE.txt	books_txt/19450.txt
19993	537	1/9/9/9/19993/LICENSE.txt	books_txt/19993.txt
20151	537	2/0/1/5/20151/LICENSE.txt	books_txt/20151.txt
20158	537	2/0/1/5/20158/LICENSE.txt	books_txt/20158.txt
20174	537	2/0/1/7/20174/LICENSE.txt	books_txt/20174.txt
20630	537	2/0/6/3/20630/LICENSE.txt	books_txt/20630.txt
21179	537	2/1/1/7/21179/LICENSE.txt	books_txt/21179.txt
21410	537	2/1/4/1/21410/LICENSE.txt	books_txt/21410.txt
21839	537	2/1/8/3/21839/LICENSE.txt	books_txt/21839.txt
21927	537	2/1/9/2/21927/LICENSE.txt	books_txt/21927.txt
21928	537	2/1/9/2/21928/LICENSE.txt	books_txt/21928.txt
21931	537	2/1/9/3/21931/LICENSE.txt	books_txt/21931.txt
21964	537	2/1/9/6/21964/LICENSE.txt	books_txt/21964.txt
22094	537	2/2/0/9/22094/LICENSE.txt	books_txt/22094.txt
22211	537	2/2/2/1/22211/LICENSE.txt	books_txt/22211.txt
22942	537	2/2/9/4/22942/LICENSE.txt	books_txt/22942.txt
23168	345	2/3/1/6/23168/pnote-23168.txt	books_txt/23168.txt
24353	537	2/4/3/5/24353/LICENSE.txt	books_txt/24353.txt
24485	537	2/4/4/8/24485/LICENSE.txt	books_txt/24485.txt
24487	537	2/4/4/8/24487/LICENSE.txt	books_txt/24487.txt
25102	537	2/5/1/0/25102/LICENSE.txt	books_txt/25102.txt
25342	537	2/5/3/4/25342/LICENSE.txt	books_txt/25342.txt
25525	537	2/5/5/2/25525/LICENSE.txt	books_txt/25525.txt
25547	537	2/5/5/4/25547/LICENSE.txt	books_txt/25547.txt
25728	537	2/5/7/2/25728/LICENSE.txt	books_txt/25728.txt
26168	537	2/6/1/6/26168/LICENSE.txt	books_txt/26168.txt
26298	537	2/6/2/9/26298/LICENSE.txt	books_txt/26298.txt
26449	537	2/6/4/4/26449/LICENSE.txt	books_txt/26449.txt
26541	537	2/6/5/4/26541/LICENSE.txt	books_txt/26541.txt
26742	537	2/6/7/4/26742/LICENSE.txt	books_txt/26742.txt
27028	537	2/7/0/2/27028/LICENSE.txt	books_txt/27028.txt
27029	537	2/7/0/2/27029/LICENSE.txt	books_txt/27029.txt
27030	537	2/7/0/3/27030/LICENSE.txt	books_txt/27030.txt
27031	537	2/7/0/3/27031/LICENSE.txt	books_txt/27031.txt
27032	537	2/7/0/3/27032/LICENSE.txt	books_txt/27032.txt
27033	537	2/7/0/3/27033/LICENSE.txt	books_txt/27033.txt
27034	537	2/7/0/3/27034/LICENSE.txt	books_txt/27034.txt
27035	537	2/7/0/3/27035/LICENSE.txt	books_txt/27035.txt
27036	537	2/7/0/3/27036/LICENSE.txt	books_txt/27036.txt
27037	537	2/7/0/3/27037/LICENSE.txt	books_txt/27037.txt
27038	537	2/7/0/3/27038/LICENSE.txt	books_txt/27038.txt
27041	537	2/7/0/4/27041/LICENSE.txt	books_txt/27041.txt
27042	537	2/7/0/4/27042/LICENSE.txt	books_txt/27042.txt
27043	537	2/7/0/4/27043/LICENSE.txt	books_txt/27043.txt
27044	537	2/7/0/4/27044/LICENSE.txt	books_txt/27044.txt
27045	537	2/7/0/4/27045/LICENSE.txt	books_txt/27045.txt
27046	537	2/7/0/4/27046/LICENSE.txt	books_txt/27046.txt
27047	537	2/7/0/4/27047/LICENSE.txt	books_txt/27047.txt
27048	537	2/7/0/4/27048/LICENSE.txt	books_txt/27048.txt
27098	537	2/7/0/9/27098/LICENSE.txt	books_txt/27098.txt
27702	537	2/7/7/0/27702/LICENSE.txt	books_txt/27702.txt
28054	537	2/8/0/5/28054/LICENSE.txt	books_txt/28054.txt
28161	537	2/8/1/6/28161/LICENSE.txt	books_txt/28161.txt
28233	537	2/8/2/3/28233/LICENSE.txt	books_txt/28233.txt
29021	537	2/9/0/2/29021/LICENSE.txt	books_txt/29021.txt
29156	941	2/9/1/5/29156/29156-0.txt	books_txt/29156.txt
29257	537	2/9/2/5/29257/LICENSE.txt	books_txt/29257.txt
29662	537	2/9/6/6/29662/LICENSE.txt	books_txt/29662.txt
29801	537	2/9/8/0/29801/LICENSE.txt	books_txt/29801.txt
29802	537	2/9/8/0/29802/LICENSE.txt	books_txt/29802.txt
29803	537	2/9/8/0/29803/LICENSE.txt	books_txt/29803.txt
30151	229	3/0/1/5/30151/30151-0.txt	books_txt/30151.txt
30152	245	3/0/1/5/30152/30152-0.txt	books_txt/30152.txt
30153	244	3/0/1/5/30153/30153-0.txt	books_txt/30153.txt
30154	224	3/0/1/5/30154/30154-0.txt	books_txt/30154.txt
30156	185	3/0/1/5/30156/30156-0.txt	books_txt/30156.txt
30165	537	3/0/1/6/30165/LICENSE.txt	books_txt/30165.txt
30422	537	3/0/4/2/30422/LICENSE.txt	books_txt/30422.txt
30423	537	3/0/4/2/30423/LICENSE.txt	books_txt/30423.txt
30449	537	3/0/4/4/30449/LICENSE.txt	books_txt/30449.txt
30537	537	3/0/5/3/30537/LICENSE.txt	books_txt/30537.txt
30716	537	3/0/7/1/30716/LICENSE.txt	books_txt/30716.txt
31318	537	3/1/3/1/31318/LICENSE.txt	books_txt/31318.txt
31414	539	3/1/4/1/31414/LICENSE.txt	books_txt/31414.txt
31415	539	3/1/4/1/31415/LICENSE.txt	books_txt/31415.txt
31632	537	3/1/6/3/31632/LICENSE.txt	books_txt/31632.txt
31633	537	3/1/6/3/31633/LICENSE.txt	books_txt/31633.txt
31634	537	3/1/6/3/31634/LICENSE.txt	books_txt/31634.txt
31668	537	3/1/6/6/31668/LICENSE.txt	books_txt/31668.txt
31944	537	3/1/9/4/31944/LICENSE.txt	books_txt/31944.txt
32065	537	3/2/0/6/32065/LICENSE.txt	books_txt/32065.txt
32094	537	3/2/0/9/32094/LICENSE.txt	books_txt/32094.txt
32827	537	3/2/8/2/32827/LICENSE.txt	books_txt/32827.txt
33249	537	3/3/2/4/33249/LICENSE.txt	books_txt/33249.txt
33250	537	3/3/2/5/33250/LICENSE.txt	books_txt/33250.txt
33283	537	3/3/2/8/33283/LICENSE.txt	books_txt/33283.txt
33460	537	3/3/4/6/33460/LICENSE.txt	books_txt/33460.txt
33461	537	3/3/4/6/33461/LICENSE.txt	books_txt/33461.txt
33462	537	3/3/4/6/33462/LICENSE.txt	books_txt/33462.txt
33663	537	3/3/6/6/33663/LICENSE.txt	books_txt/33663.txt
33849	537	3/3/8/4/33849/LICENSE.txt	books_txt/33849.txt
33858	537	3/3/8/5/33858/LICENSE.txt	books_txt/33858.txt
33934	537	3/3/9/3/33934/LICENSE.txt	books_txt/33934.txt
34060	537	3/4/0/6/34060/LICENSE.txt	books_txt/34060.txt
34089	537	3/4/0/8/34089/LICENSE.txt	books_txt/34089.txt
34091	537	3/4/0/9/34091/LICENSE.txt	books_txt/34091.txt
34282	537	3/4/2/8/34282/LICENSE.txt	books_txt/34282.txt
34366	537	3/4/3/6/34366/LICENSE.txt	books_txt/34366.txt
34413	537	3/4/4/1/34413/LICENSE.txt	books_txt/34413.txt
34549	537	3/4/5/4/34549/LICENSE.txt	books_txt/34549.txt
34640	537	3/4/6/4/34640/LICENSE.txt	books_txt/34640.txt
34657	537	3/4/6/5/34657/LICENSE.txt	books_txt/34657.txt
34658	537	3/4/6/5/34658/LICENSE.txt	books_txt/34658.txt
34659	537	3/4/6/5/34659/LICENSE.txt	books_txt/34659.txt
34731	537	3/4/7/3/34731/LICENSE.txt	books_txt/34731.txt
34935	537	3/4/9/3/34935/LICENSE.txt	books_txt/34935.txt
35264	537	3/5/2/6/35264/LICENSE.txt	books_txt/35264.txt
35409	537	3/5/4/0/35409/LICENSE.txt	books_txt/35409.txt
35517	537	3/5/5/1/35517/LICENSE.txt	books_txt/35517.txt
35526	537	3/5/5/2/35526/LICENSE.txt	books_txt/35526.txt
35759	537	3/5/7/5/35759/LICENSE.txt	books_txt/35759.txt
35764	537	3/5/7/6/35764/LICENSE.txt	books_txt/35764.txt
35829	832	3/5/8/2/35829/35829-README.txt	books_txt/35829.txt
35830	832	3/5/8/3/35830/35830-README.txt	books_txt/35830.txt
35930	537	3/5/9/3/35930/LICENSE.txt	books_txt/35930.txt
36616	537	3/6/6/1/36616/LICENSE.txt	books_txt/36616.txt
36948	537	3/6/9/4/36948/LICENSE.txt	books_txt/36948.txt
36985	537	3/6/9/8/36985/LICENSE.txt	books_txt/36985.txt
36986	537	3/6/9/8/36986/LICENSE.txt	books_txt/36986.txt
36987	537	3/6/9/8/36987/LICENSE.txt	books_txt/36987.txt
37012	537	3/7/0/1/37012/LICENSE.txt	books_txt/37012.txt
37354	537	3/7/3/5/37354/LICENSE.txt	books_txt/37354.txt
37683	537	3/7/6/8/37683/LICENSE.txt	books_txt/37683.txt
37943	537	3/7/9/4/37943/LICENSE.txt	books_txt/37943.txt
37970	537	3/7/9/7/37970/LICENSE.txt	books_txt/37970.txt
38091	537	3/8/0/9/38091/LICENSE.txt	books_txt/38091.txt
38240	537	3/8/2/4/38240/LICENSE.txt	books_txt/38240.txt
38475	537	3/8/4/7/38475/LICENSE.txt	books_txt/38475.txt
38520	537	3/8/5/2/38520/LICENSE.txt	books_txt/38520.txt
38528	537	3/8/5/2/38528/LICENSE.txt	books_txt/38528.txt
38538	537	3/8/5/3/38538/LICENSE.txt	books_txt/38538.txt
38594	537	3/8/5/9/38594/LICENSE.txt	books_txt/38594.txt
38602	537	3/8/6/0/38602/LICENSE.txt	books_txt/38602.txt
38699	537	3/8/6/9/38699/LICENSE.txt	books_txt/38699.txt
38700	537	3/8/7/0/38700/LICENSE.txt	books_txt/38700.txt
38993	537	3/8/9/9/38993/LICENSE.txt	books_txt/38993.txt
41814	537	4/1/8/1/41814/LICENSE.txt	books_txt/41814.txt
41815	537	4/1/8/1/41815/LICENSE.txt	books_txt/41815.txt
42023	537	4/2/0/2/42023/LICENSE.txt	books_txt/42023.txt
42911	396	4/2/9/1/42911/42911-0.txt	books_txt/42911.txt
43936	537	4/3/9/3/43936/LICENSE.txt	books_txt/43936.txt
44747	537	4/4/7/4/44747/LICENSE.txt	books_txt/44747.txt
45289	839	4/5/2/8/45289/45289-0.txt	books_txt/45289.txt
45303	537	4/5/3/0/45303/LICENSE.txt	books_txt/45303.txt
45512	539	4/5/5/1/45512/LICENSE.txt	books_txt/45512.txt
48087	537	4/8/0/8/48087/LICENSE.txt	books_txt/48087.txt
48749	537	4/8/7/4/48749/LICENSE.txt	books_txt/48749.txt
50503	537	5/0/5/0/50503/LICENSE.txt	books_txt/50503.txt
50913	537	5/0/9/1/50913/LICENSE.txt	books_txt/50913.txt
51054	537	5/1/0/5/51054/LICENSE.txt	books_txt/51054.txt
51745	537	5/1/7/4/51745/LICENSE.txt	books_txt/51745.txt
53489	537	5/3/4/8/53489/LICENSE.txt	books_txt/53489.txt
55201	537	5/5/2/0/55201/LICENSE.txt	books_txt/55201.txt
55417	537	5/5/4/1/55417/LICENSE.txt	books_txt/55417.txt
55851	537	5/5/8/5/55851/LICENSE.txt	books_txt/55851.txt
55903	537	5/5/9/0/55903/LICENSE.txt	books_txt/55903.txt
55906	537	5/5/9/0/55906/LICENSE.txt	books_txt/55906.txt
56181	98	5/6/1/8/56181/JU56181-0.txt	books_txt/56181.txt
56447	537	5/6/4/4/56447/LICENSE.txt	books_txt/56447.txt
58360	539	5/8/3/6/58360/LICENSE.txt	books_txt/58360.txt
58585	539	5/8/5/8/58585/LICENSE.txt	books_txt/58585.txt
59156	539	5/9/1/5/59156/LICENSE.txt	books_txt/59156.txt
59254	537	5/9/2/5/59254/LICENSE.txt	books_txt/59254.txt
59772	537	5/9/7/7/59772/LICENSE.txt	books_txt/59772.txt
59953	539	5/9/9/5/59953/LICENSE.txt	books_txt/59953.txt
59981	537	5/9/9/8/59981/LICENSE.txt	books_txt/59981.txt
60562	537	6/0/5/6/60562/LICENSE.txt	books_txt/60562.txt
60929	537	6/0/9/2/60929/LICENSE.txt	books_txt/60929.txt
61234	537	6/1/2/3/61234/LICENSE.txt	books_txt/61234.txt
61868	537	6/1/8/6/61868/LICENSE.txt	books_txt/61868.txt
61954	537	6/1/9/5/61954/LICENSE.txt	books_txt/61954.txt
62511	537	6/2/5/1/62511/LICENSE.txt	books_txt/62511.txt
64181	537	6/4/1/8/64181/LICENSE.txt	books_txt/64181.txt
65012	537	6/5/0/1/65012/LICENSE.txt	books_txt/65012.txt
65465	537	6/5/4/6/65465/LICENSE.txt	books_txt/65465.txt
65688	537	6/5/6/8/65688/LICENSE.txt	books_txt/65688.txt
66073	537	6/6/0/7/66073/LICENSE.txt	books_txt/66073.txt
66857	537	6/6/8/5/66857/LICENSE.txt	books_txt/66857.txt
66960	537	6/6/9/6/66960/LICENSE.txt	books_txt/66960.txt
67320	537	6/7/3/2/67320/LICENSE.txt	books_txt/67320.txt
67514	537	6/7/5/1/67514/LICENSE.txt	books_txt/67514.txt
67582	537	6/7/5/8/67582/LICENSE.txt	books_txt/67582.txt
67597	537	6/7/5/9/67597/LICENSE.txt	books_txt/67597.txt
67629	537	6/7/6/2/67629/LICENSE.txt	books_txt/67629.txt
67979	537	6/7/9/7/67979/LICENSE.txt	books_txt/67979.txt
68428	537	6/8/4/2/68428/LICENSE.txt	books_txt/68428.txt
68925	537	6/8/9/2/68925/LICENSE.txt	books_txt/68925.txt
69445	539	6/9/4/4/69445/LICENSE.txt	books_txt/69445.txt
69577	537	6/9/5/7/69577/LICENSE.txt	books_txt/69577.txt
71129	537	7/1/1/2/71129/LICENSE.txt	books_txt/71129.txt
71535	537	7/1/5/3/71535/LICENSE.txt	books_txt/71535.txt
71865	537	7/1/8/6/71865/LICENSE.txt	books_txt/71865.txt
73996	537	7/3/9/9/73996/LICENSE.txt	books_txt/73996.txt
74261	537	7/4/2/6/74261/LICENSE.txt	books_txt/74261.txt
75107	537	7/5/1/0/75107/LICENSE.txt	books_txt/75107.txt
75500	537	7/5/5/0/75500/LICENSE.txt	books_txt/75500.txt
75590	537	7/5/5/9/75590/LICENSE.txt	books_txt/75590.txt
75666	537	7/5/6/6/75666/LICENSE.txt	books_txt/75666.txt
76044	537	7/6/0/4/76044/LICENSE.txt	books_txt/76044.txt
76369	537	7/6/3/6/76369/LICENSE.txt	books_txt/76369.txt
76404	537	7/6/4/0/76404/LICENSE.txt	books_txt/76404.txt
76662	537	7/6/6/6/76662/LICENSE.txt	books_txt/76662.txt
76672	539	7/6/6/7/76672/LICENSE.txt	books_txt/76672.txt
76692	537	7/6/6/9/76692/LICENSE.txt	books_txt/76692.txt
76739	539	7/6/7/3/76739/LICENSE.txt	books_txt/76739.txt
76920	538	7/6/9/2/76920/LICENSE.txt	books_txt/76920.txt
76946	539	7/6/9/4/76946/LICENSE.txt	books_txt/76946.txt
77139	537	7/7/1/3/77139/LICENSE.txt	books_txt/77139.txt
77140	537	7/7/1/4/77140/LICENSE.txt	books_txt/77140.txt
77157	537	7/7/1/5/77157/LICENSE.txt	books_txt/77157.txt
77166	538	7/7/1/6/77166/LICENSE.txt	books_txt/77166.txt
77183	537	7/7/1/8/77183/LICENSE.txt	books_txt/77183.txt
77258	538	7/7/2/5/77258/LICENSE.txt	books_txt/77258.txt
77288	537	7/7/2/8/77288/LICENSE.txt	books_txt/77288.txt
77298	537	7/7/2/9/77298/LICENSE.txt	books_txt/77298.txt
77299	537	7/7/2/9/77299/LICENSE.txt	books_txt/77299.txt
77320	537	7/7/3/2/77320/LICENSE.txt	books_txt/77320.txt
77361	537	7/7/3/6/77361/LICENSE.txt	books_txt/77361.txt
77427	537	7/7/4/2/77427/LICENSE.txt	books_txt/77427.txt
77478	537	7/7/4/7/77478/LICENSE.txt	books_txt/77478.txt
77525	538	7/7/5/2/77525/LICENSE.txt	books_txt/77525.txt
77533	537	7/7/5/3/77533/LICENSE.txt	books_txt/77533.txt
77569	537	7/7/5/6/77569/LICENSE.txt	books_txt/77569.txt
77601	537	7/7/6/0/77601/LICENSE.txt	books_txt/77601.txt
77602	537	7/7/6/0/77602/LICENSE.txt	books_txt/77602.txt
77660	537	7/7/6/6/77660/LICENSE.txt	books_txt/77660.txt
77719	537	7/7/7/1/77719/LICENSE.txt	books_txt/77719.txt
77720	537	7/7/7/2/77720/LICENSE.txt	books_txt/77720.txt
77756	537	7/7/7/5/77756/LICENSE.txt	books_txt/77756.txt
77767	537	7/7/7/6/77767/LICENSE.txt	books_txt/77767.txt
77774	537	7/7/7/7/77774/LICENSE.txt	books_txt/77774.txt
77819	537	7/7/8/1/77819/LICENSE.txt	books_txt/77819.txt
77832	537	7/7/8/3/77832/LICENSE.txt	books_txt/77832.txt
77842	537	7/7/8/4/77842/LICENSE.txt	books_txt/77842.txt
77847	537	7/7/8/4/77847/LICENSE.txt	books_txt/77847.txt
77853	538	7/7/8/5/77853/LICENSE.txt	books_txt/77853.txt
77857	537	7/7/8/5/77857/LICENSE.txt	books_txt/77857.txt
77871	538	7/7/8/7/77871/LICENSE.txt	books_txt/77871.txt
77873	537	7/7/8/7/77873/LICENSE.txt	books_txt/77873.txt
77885	537	7/7/8/8/77885/LICENSE.txt	books_txt/77885.txt
77892	537	7/7/8/9/77892/LICENSE.txt	books_txt/77892.txt
77897	537	7/7/8/9/77897/LICENSE.txt	books_txt/77897.txt
77923	537	7/7/9/2/77923/LICENSE.txt	books_txt/77923.txt
77924	537	7/7/9/2/77924/LICENSE.txt	books_txt/77924.txt
77925	537	7/7/9/2/77925/LICENSE.txt	books_txt/77925.txt
77936	538	7/7/9/3/77936/LICENSE.txt	books_txt/77936.txt
77938	537	7/7/9/3/77938/LICENSE.txt	books_txt/77938.txt
77944	537	7/7/9/4/77944/LICENSE.txt	books_txt/77944.txt
77957	537	7/7/9/5/77957/LICENSE.txt	books_txt/77957.txt
77961	537	7/7/9/6/77961/LICENSE.txt	books_txt/77961.txt
77964	537	7/7/9/6/77964/LICENSE.txt	books_txt/77964.txt
77982	538	7/7/9/8/77982/LICENSE.txt	books_txt/77982.txt
78132	537	7/8/1/3/78132/LICENSE.txt	books_txt/78132.txt
78305	537	7/8/3/0/78305/LICENSE.txt	books_txt/78305.txt
78319	538	7/8/3/1/78319/LICENSE.txt	books_txt/78319.txt
78321	538	7/8/3/2/78321/LICENSE.txt	books_txt/78321.txt
78322	538	7/8/3/2/78322/LICENSE.txt	books_txt/78322.txt
78329	538	7/8/3/2/78329/LICENSE.txt	books_txt/78329.txt
78333	538	7/8/3/3/78333/LICENSE.txt	books_txt/78333.txt
78334	538	7/8/3/3/78334/LICENSE.txt	books_txt/78334.txt
78335	537	7/8/3/3/78335/LICENSE.txt	books_txt/78335.txt
78339	537	7/8/3/3/78339/LICENSE.txt	books_txt/78339.txt
78343	537	7/8/3/4/78343/LICENSE.txt	books_txt/78343.txt
78345	538	7/8/3/4/78345/LICENSE.txt	books_txt/78345.txt
78351	538	7/8/3/5/78351/LICENSE.txt	books_txt/78351.txt
78352	538	7/8/3/5/78352/LICENSE.txt	books_txt/78352.txt
78356	538	7/8/3/5/78356/LICENSE.txt	books_txt/78356.txt
78357	538	7/8/3/5/78357/LICENSE.txt	books_txt/78357.txt
78358	538	7/8/3/5/78358/LICENSE.txt	books_txt/78358.txt
78359	538	7/8/3/5/78359/LICENSE.txt	books_txt/78359.txt
78360	538	7/8/3/6/78360/LICENSE.txt	books_txt/78360.txt
78361	538	7/8/3/6/78361/LICENSE.txt	books_txt/78361.txt
78362	538	7/8/3/6/78362/LICENSE.txt	books_txt/78362.txt
78363	538	7/8/3/6/78363/LICENSE.txt	books_txt/78363.txt
78364	538	7/8/3/6/78364/LICENSE.txt	books_txt/78364.txt
78365	537	7/8/3/6/78365/LICENSE.txt	books_txt/78365.txt
78366	538	7/8/3/6/78366/LICENSE.txt	books_txt/78366.txt
78367	538	7/8/3/6/78367/LICENSE.txt	books_txt/78367.txt
78368	538	7/8/3/6/78368/LICENSE.txt	books_txt/78368.txt
78369	538	7/8/3/6/78369/LICENSE.txt	books_txt/78369.txt
78370	538	7/8/3/7/78370/LICENSE.txt	books_txt/78370.txt
78371	538	7/8/3/7/78371/LICENSE.txt	books_txt/78371.txt
78372	538	7/8/3/7/78372/LICENSE.txt	books_txt/78372.txt
78373	538	7/8/3/7/78373/LICENSE.txt	books_txt/78373.txt
78374	538	7/8/3/7/78374/LICENSE.txt	books_txt/78374.txt
78375	538	7/8/3/7/78375/LICENSE.txt	books_txt/78375.txt
78376	538	7/8/3/7/78376/LICENSE.txt	books_txt/78376.txt
78377	538	7/8/3/7/78377/LICENSE.txt	books_txt/78377.txt
78378	538	7/8/3/7/78378/LICENSE.txt	books_txt/78378.txt
78379	538	7/8/3/7/78379/LICENSE.txt	books_txt/78379.txt
78380	538	7/8/3/8/78380/LICENSE.txt	books_txt/78380.txt
78381	538	7/8/3/8/78381/LICENSE.txt	books_txt/78381.txt
78382	538	7/8/3/8/78382/LICENSE.txt	books_txt/78382.txt
78383	538	7/8/3/8/78383/LICENSE.txt	books_txt/78383.txt
78384	538	7/8/3/8/78384/LICENSE.txt	books_txt/78384.txt
78385	538	7/8/3/8/78385/LICENSE.txt	books_txt/78385.txt
78386	538	7/8/3/8/78386/LICENSE.txt	books_txt/78386.txt
78387	538	7/8/3/8/78387/LICENSE.txt	books_txt/78387.txt
78388	538	7/8/3/8/78388/LICENSE.txt	books_txt/78388.txt
78389	538	7/8/3/8/78389/LICENSE.txt	books_txt/78389.txt
78390	538	7/8/3/9/78390/LICENSE.txt	books_txt/78390.txt
78391	538	7/8/3/9/78391/LICENSE.txt	books_txt/78391.txt
78392	538	7/8/3/9/78392/LICENSE.txt	books_txt/78392.txt
78393	538	7/8/3/9/78393/LICENSE.txt	books_txt/78393.txt
78394	538	7/8/3/9/78394/LICENSE.txt	books_txt/78394.txt
78395	538	7/8/3/9/78395/LICENSE.txt	books_txt/78395.txt
78396	538	7/8/3/9/78396/LICENSE.txt	books_txt/78396.txt
78397	538	7/8/3/9/78397/LICENSE.txt	books_txt/78397.txt
78398	537	7/8/3/9/78398/LICENSE.txt	books_txt/78398.txt
78399	538	7/8/3/9/78399/LICENSE.txt	books_txt/78399.txt
78400	538	7/8/4/0/78400/LICENSE.txt	books_txt/78400.txt
78401	538	7/8/4/0/78401/LICENSE.txt	books_txt/78401.txt
78402	538	7/8/4/0/78402/LICENSE.txt	books_txt/78402.txt
78403	538	7/8/4/0/78403/LICENSE.txt	books_txt/78403.txt
78404	538	7/8/4/0/78404/LICENSE.txt	books_txt/78404.txt
78405	538	7/8/4/0/78405/LICENSE.txt	books_txt/78405.txt
78406	538	7/8/4/0/78406/LICENSE.txt	books_txt/78406.txt
78407	538	7/8/4/0/78407/LICENSE.txt	books_txt/78407.txt
78408	537	7/8/4/0/78408/LICENSE.txt	books_txt/78408.txt
78409	538	7/8/4/0/78409/LICENSE.txt	books_txt/78409.txt
78410	538	7/8/4/1/78410/LICENSE.txt	books_txt/78410.txt
78411	538	7/8/4/1/78411/LICENSE.txt	books_txt/78411.txt
78412	537	7/8/4/1/78412/LICENSE.txt	books_txt/78412.txt
78413	538	7/8/4/1/78413/LICENSE.txt	books_txt/78413.txt
78414	538	7/8/4/1/78414/LICENSE.txt	books_txt/78414.txt
78415	538	7/8/4/1/78415/LICENSE.txt	books_txt/78415.txt
78416	538	7/8/4/1/78416/LICENSE.txt	books_txt/78416.txt
78417	538	7/8/4/1/78417/LICENSE.txt	books_txt/78417.txt
78418	538	7/8/4/1/78418/LICENSE.txt	books_txt/78418.txt
78419	538	7/8/4/1/78419/LICENSE.txt	books_txt/78419.txt
78420	538	7/8/4/2/78420/LICENSE.txt	books_txt/78420.txt
78421	538	7/8/4/2/78421/LICENSE.txt	books_txt/78421.txt
78422	538	7/8/4/2/78422/LICENSE.txt	books_txt/78422.txt
78423	538	7/8/4/2/78423/LICENSE.txt	books_txt/78423.txt
78424	538	7/8/4/2/78424/LICENSE.txt	books_txt/78424.txt
78425	538	7/8/4/2/78425/LICENSE.txt	books_txt/78425.txt
78426	538	7/8/4/2/78426/LICENSE.txt	books_txt/78426.txt
78427	537	7/8/4/2/78427/LICENSE.txt	books_txt/78427.txt
78428	538	7/8/4/2/78428/LICENSE.txt	books_txt/78428.txt
78429	538	7/8/4/2/78429/LICENSE.txt	books_txt/78429.txt
78430	538	7/8/4/3/78430/LICENSE.txt	books_txt/78430.txt
78431	538	7/8/4/3/78431/LICENSE.txt	books_txt/78431.txt
78432	538	7/8/4/3/78432/LICENSE.txt	books_txt/78432.txt
78433	537	7/8/4/3/78433/LICENSE.txt	books_txt/78433.txt
78434	538	7/8/4/3/78434/LICENSE.txt	books_txt/78434.txt
78435	537	7/8/4/3/78435/LICENSE.txt	books_txt/78435.txt
78436	538	7/8/4/3/78436/LICENSE.txt	books_txt/78436.txt
78437	537	7/8/4/3/78437/LICENSE.txt	books_txt/78437.txt
78438	538	7/8/4/3/78438/LICENSE.txt	books_txt/78438.txt
78439	538	7/8/4/3/78439/LICENSE.txt	books_txt/78439.txt
78440	538	7/8/4/4/78440/LICENSE.txt	books_txt/78440.txt
78441	537	7/8/4/4/78441/LICENSE.txt	books_txt/78441.txt
78442	538	7/8/4/4/78442/LICENSE.txt	books_txt/78442.txt
78443	538	7/8/4/4/78443/LICENSE.txt	books_txt/78443.txt
78444	538	7/8/4/4/78444/LICENSE.txt	books_txt/78444.txt
78445	538	7/8/4/4/78445/LICENSE.txt	books_txt/78445.txt
78446	538	7/8/4/4/78446/LICENSE.txt	books_txt/78446.txt
78447	538	7/8/4/4/78447/LICENSE.txt	books_txt/78447.txt
78448	538	7/8/4/4/78448/LICENSE.txt	books_txt/78448.txt
78449	538	7/8/4/4/78449/LICENSE.txt	books_txt/78449.txt
78450	538	7/8/4/5/78450/LICENSE.txt	books_txt/78450.txt
78451	538	7/8/4/5/78451/LICENSE.txt	books_txt/78451.txt
78452	538	7/8/4/5/78452/LICENSE.txt	books_txt/78452.txt
78453	538	7/8/4/5/78453/LICENSE.txt	books_txt/78453.txt
78454	538	7/8/4/5/78454/LICENSE.txt	books_txt/78454.txt
78455	538	7/8/4/5/78455/LICENSE.txt	books_txt/78455.txt
78456	538	7/8/4/5/78456/LICENSE.txt	books_txt/78456.txt
78457	538	7/8/4/5/78457/LICENSE.txt	books_txt/78457.txt
78458	538	7/8/4/5/78458/LICENSE.txt	books_txt/78458.txt
78459	538	7/8/4/5/78459/LICENSE.txt	books_txt/78459.txt
78460	538	7/8/4/6/78460/LICENSE.txt	books_txt/78460.txt
78461	538	7/8/4/6/78461/LICENSE.txt	books_txt/78461.txt
78462	538	7/8/4/6/78462/LICENSE.txt	books_txt/78462.txt
78463	538	7/8/4/6/78463/LICENSE.txt	books_txt/78463.txt
78464	538	7/8/4/6/78464/LICENSE.txt	books_txt/78464.txt
78465	538	7/8/4/6/78465/LICENSE.txt	books_txt/78465.txt
78466	538	7/8/4/6/78466/LICENSE.txt	books_txt/78466.txt
78467	537	7/8/4/6/78467/LICENSE.txt	books_txt/78467.txt
78468	538	7/8/4/6/78468/LICENSE.txt	books_txt/78468.txt
78469	538	7/8/4/6/78469/LICENSE.txt	books_txt/78469.txt
78470	537	7/8/4/7/78470/LICENSE.txt	books_txt/78470.txt
78471	538	7/8/4/7/78471/LICENSE.txt	books_txt/78471.txt
78472	538	7/8/4/7/78472/LICENSE.txt	books_txt/78472.txt
78473	538	7/8/4/7/78473/LICENSE.txt	books_txt/78473.txt
78474	538	7/8/4/7/78474/LICENSE.txt	books_txt/78474.txt
78475	33	7/8/4/7/78475/README.txt	books_txt/78475.txt
78476	538	7/8/4/7/78476/LICENSE.txt	books_txt/78476.txt
78477	538	7/8/4/7/78477/LICENSE.txt	books_txt/78477.txt
78478	538	7/8/4/7/78478/LICENSE.txt	books_txt/78478.txt
78479	538	7/8/4/7/78479/LICENSE.txt	books_txt/78479.txt
78480	538	7/8/4/8/78480/LICENSE.txt	books_txt/78480.txt
78481	538	7/8/4/8/78481/LICENSE.txt	books_txt/78481.txt
78482	538	7/8/4/8/78482/LICENSE.txt	books_txt/78482.txt
78483	538	7/8/4/8/78483/LICENSE.txt	books_txt/78483.txt
78484	538	7/8/4/8/78484/LICENSE.txt	books_txt/78484.txt
78485	538	7/8/4/8/78485/LICENSE.txt	books_txt/78485.txt
78486	538	7/8/4/8/78486/LICENSE.txt	books_txt/78486.txt
78487	538	7/8/4/8/78487/LICENSE.txt	books_txt/78487.txt
78488	538	7/8/4/8/78488/LICENSE.txt	books_txt/78488.txt
78489	538	7/8/4/8/78489/LICENSE.txt	books_txt/78489.txt
78490	538	7/8/4/9/78490/LICENSE.txt	books_txt/78490.txt
78491	538	7/8/4/9/78491/LICENSE.txt	books_txt/78491.txt
78492	538	7/8/4/9/78492/LICENSE.txt	books_txt/78492.txt
78493	538	7/8/4/9/78493/LICENSE.txt	books_txt/78493.txt
78494	538	7/8/4/9/78494/LICENSE.txt	books_txt/78494.txt
78495	538	7/8/4/9/78495/LICENSE.txt	books_txt/78495.txt
78496	538	7/8/4/9/78496/LICENSE.txt	books_txt/78496.txt
78497	538	7/8/4/9/78497/LICENSE.txt	books_txt/78497.txt
78498	538	7/8/4/9/78498/LICENSE.txt	books_txt/78498.txt
78499	538	7/8/4/9/78499/LICENSE.txt	books_txt/78499.txt
78500	538	7/8/5/0/78500/LICENSE.txt	books_txt/78500.txt
78501	538	7/8/5/0/78501/LICENSE.txt	books_txt/78501.txt
78502	538	7/8/5/0/78502/LICENSE.txt	books_txt/78502.txt
78503	538	7/8/5/0/78503/LICENSE.txt	books_txt/78503.txt
78504	538	7/8/5/0/78504/LICENSE.txt	books_txt/78504.txt
78505	538	7/8/5/0/78505/LICENSE.txt	books_txt/78505.txt
78506	538	7/8/5/0/78506/LICENSE.txt	books_txt/78506.txt
78507	538	7/8/5/0/78507/LICENSE.txt	books_txt/78507.txt
78508	538	7/8/5/0/78508/LICENSE.txt	books_txt/78508.txt
78509	538	7/8/5/0/78509/LICENSE.txt	books_txt/78509.txt
78510	538	7/8/5/1/78510/LICENSE.txt	books_txt/78510.txt
78511	538	7/8/5/1/78511/LICENSE.txt	books_txt/78511.txt
78512	538	7/8/5/1/78512/LICENSE.txt	books_txt/78512.txt
78513	537	7/8/5/1/78513/LICENSE.txt	books_txt/78513.txt
78514	538	7/8/5/1/78514/LICENSE.txt	books_txt/78514.txt
78515	538	7/8/5/1/78515/LICENSE.txt	books_txt/78515.txt
78516	538	7/8/5/1/78516/LICENSE.txt	books_txt/78516.txt
78517	538	7/8/5/1/78517/LICENSE.txt	books_txt/78517.txt
78518	538	7/8/5/1/78518/LICENSE.txt	books_txt/78518.txt
78519	538	7/8/5/1/78519/LICENSE.txt	books_txt/78519.txt
78520	538	7/8/5/2/78520/LICENSE.txt	books_txt/78520.txt
78521	538	7/8/5/2/78521/LICENSE.txt	books_txt/78521.txt
78522	538	7/8/5/2/78522/LICENSE.txt	books_txt/78522.txt
78523	538	7/8/5/2/78523/LICENSE.txt	books_txt/78523.txt
78524	538	7/8/5/2/78524/LICENSE.txt	books_txt/78524.txt
78525	538	7/8/5/2/78525/LICENSE.txt	books_txt/78525.txt
78526	538	7/8/5/2/78526/LICENSE.txt	books_txt/78526.txt
78527	538	7/8/5/2/78527/LICENSE.txt	books_txt/78527.txt
78528	538	7/8/5/2/78528/LICENSE.txt	books_txt/78528.txt
78529	538	7/8/5/2/78529/LICENSE.txt	books_txt/78529.txt
78530	538	7/8/5/3/78530/LICENSE.txt	books_txt/78530.txt
78531	538	7/8/5/3/78531/LICENSE.txt	books_txt/78531.txt
78532	538	7/8/5/3/78532/LICENSE.txt	books_txt/78532.txt
78533	538	7/8/5/3/78533/LICENSE.txt	books_txt/78533.txt
78534	538	7/8/5/3/78534/LICENSE.txt	books_txt/78534.txt
78535	538	7/8/5/3/78535/LICENSE.txt	books_txt/78535.txt
78536	538	7/8/5/3/78536/LICENSE.txt	books_txt/78536.txt
78537	538	7/8/5/3/78537/LICENSE.txt	books_txt/78537.txt
78538	538	7/8/5/3/78538/LICENSE.txt	books_txt/78538.txt
78539	538	7/8/5/3/78539/LICENSE.txt	books_txt/78539.txt
78540	538	7/8/5/4/78540/LICENSE.txt	books_txt/78540.txt
78541	538	7/8/5/4/78541/LICENSE.txt	books_txt/78541.txt
78542	538	7/8/5/4/78542/LICENSE.txt	books_txt/78542.txt
78543	538	7/8/5/4/78543/LICENSE.txt	books_txt/78543.txt
78544	538	7/8/5/4/78544/LICENSE.txt	books_txt/78544.txt
78545	538	7/8/5/4/78545/LICENSE.txt	books_txt/78545.txt
78546	538	7/8/5/4/78546/LICENSE.txt	books_txt/78546.txt
78547	538	7/8/5/4/78547/LICENSE.txt	books_txt/78547.txt
78548	538	7/8/5/4/78548/LICENSE.txt	books_txt/78548.txt
78549	538	7/8/5/4/78549/LICENSE.txt	books_txt/78549.txt
78550	538	7/8/5/5/78550/LICENSE.txt	books_txt/78550.txt
78551	538	7/8/5/5/78551/LICENSE.txt	books_txt/78551.txt
78552	538	7/8/5/5/78552/LICENSE.txt	books_txt/78552.txt
78553	538	7/8/5/5/78553/LICENSE.txt	books_txt/78553.txt
78554	538	7/8/5/5/78554/LICENSE.txt	books_txt/78554.txt
78555	538	7/8/5/5/78555/LICENSE.txt	books_txt/78555.txt
78556	538	7/8/5/5/78556/LICENSE.txt	books_txt/78556.txt
78557	538	7/8/5/5/78557/LICENSE.txt	books_txt/78557.txt
78558	537	7/8/5/5/78558/LICENSE.txt	books_txt/78558.txt
78559	538	7/8/5/5/78559/LICENSE.txt	books_txt/78559.txt
78560	538	7/8/5/6/78560/LICENSE.txt	books_txt/78560.txt
78561	538	7/8/5/6/78561/LICENSE.txt	books_txt/78561.txt
78562	538	7/8/5/6/78562/LICENSE.txt	books_txt/78562.txt
78563	537	7/8/5/6/78563/LICENSE.txt	books_txt/78563.txt
78564	538	7/8/5/6/78564/LICENSE.txt	books_txt/78564.txt
78565	538	7/8/5/6/78565/LICENSE.txt	books_txt/78565.txt
78566	538	7/8/5/6/78566/LICENSE.txt	books_txt/78566.txt
78567	538	7/8/5/6/78567/LICENSE.txt	books_txt/78567.txt
78568	538	7/8/5/6/78568/LICENSE.txt	books_txt/78568.txt
78569	538	7/8/5/6/78569/LICENSE.txt	books_txt/78569.txt
78570	538	7/8/5/7/78570/LICENSE.txt	books_txt/78570.txt
78571	538	7/8/5/7/78571/LICENSE.txt	books_txt/78571.txt
78572	538	7/8/5/7/78572/LICENSE.txt	books_txt/78572.txt
78573	538	7/8/5/7/78573/LICENSE.txt	books_txt/78573.txt
78574	538	7/8/5/7/78574/LICENSE.txt	books_txt/78574.txt
78575	538	7/8/5/7/78575/LICENSE.txt	books_txt/78575.txt
78576	538	7/8/5/7/78576/LICENSE.txt	books_txt/78576.txt
78577	538	7/8/5/7/78577/LICENSE.txt	books_txt/78577.txt
78578	538	7/8/5/7/78578/LICENSE.txt	books_txt/78578.txt
78579	538	7/8/5/7/78579/LICENSE.txt	books_txt/78579.txt
78580	538	7/8/5/8/78580/LICENSE.txt	books_txt/78580.txt
78581	538	7/8/5/8/78581/LICENSE.txt	books_txt/78581.txt
78582	538	7/8/5/8/78582/LICENSE.txt	books_txt/78582.txt
78583	538	7/8/5/8/78583/LICENSE.txt	books_txt/78583.txt
78584	538	7/8/5/8/78584/LICENSE.txt	books_txt/78584.txt
78585	538	7/8/5/8/78585/LICENSE.txt	books_txt/78585.txt
78586	537	7/8/5/8/78586/LICENSE.txt	books_txt/78586.txt
78587	538	7/8/5/8/78587/LICENSE.txt	books_txt/78587.txt
78588	538	7/8/5/8/78588/LICENSE.txt	books_txt/78588.txt
78589	538	7/8/5/8/78589/LICENSE.txt	books_txt/78589.txt
78590	538	7/8/5/9/78590/LICENSE.txt	books_txt/78590.txt
78591	538	7/8/5/9/78591/LICENSE.txt	books_txt/78591.txt
78592	538	7/8/5/9/78592/LICENSE.txt	books_txt/78592.txt
78593	538	7/8/5/9/78593/LICENSE.txt	books_txt/78593.txt
78594	538	7/8/5/9/78594/LICENSE.txt	books_txt/78594.txt
78595	538	7/8/5/9/78595/LICENSE.txt	books_txt/78595.txt
78596	538	7/8/5/9/78596/LICENSE.txt	books_txt/78596.txt
78597	538	7/8/5/9/78597/LICENSE.txt	books_txt/78597.txt
78598	538	7/8/5/9/78598/LICENSE.txt	books_txt/78598.txt
78599	538	7/8/5/9/78599/LICENSE.txt	books_txt/78599.txt
78600	538	7/8/6/0/78600/LICENSE.txt	books_txt/78600.txt
78601	538	7/8/6/0/78601/LICENSE.txt	books_txt/78601.txt
78602	538	7/8/6/0/78602/LICENSE.txt	books_txt/78602.txt
78603	538	7/8/6/0/78603/LICENSE.txt	books_txt/78603.txt
78604	538	7/8/6/0/78604/LICENSE.txt	books_txt/78604.txt
78605	538	7/8/6/0/78605/LICENSE.txt	books_txt/78605.txt
78606	538	7/8/6/0/78606/LICENSE.txt	books_txt/78606.txt
78607	538	7/8/6/0/78607/LICENSE.txt	books_txt/78607.txt
78608	538	7/8/6/0/78608/LICENSE.txt	books_txt/78608.txt
78609	538	7/8/6/0/78609/LICENSE.txt	books_txt/78609.txt
78610	538	7/8/6/1/78610/LICENSE.txt	books_txt/78610.txt
78611	538	7/8/6/1/78611/LICENSE.txt	books_txt/78611.txt
78612	538	7/8/6/1/78612/LICENSE.txt	books_txt/78612.txt
78613	538	7/8/6/1/78613/LICENSE.txt	books_txt/78613.txt
78614	538	7/8/6/1/78614/LICENSE.txt	books_txt/78614.txt
78615	538	7/8/6/1/78615/LICENSE.txt	books_txt/78615.txt
78616	538	7/8/6/1/78616/LICENSE.txt	books_txt/78616.txt
78617	538	7/8/6/1/78617/LICENSE.txt	books_txt/78617.txt
78618	538	7/8/6/1/78618/LICENSE.txt	books_txt/78618.txt
78619	538	7/8/6/1/78619/LICENSE.txt	books_txt/78619.txt
78620	538	7/8/6/2/78620/LICENSE.txt	books_txt/78620.txt
78621	538	7/8/6/2/78621/LICENSE.txt	books_txt/78621.txt
78622	538	7/8/6/2/78622/LICENSE.txt	books_txt/78622.txt
78623	538	7/8/6/2/78623/LICENSE.txt	books_txt/78623.txt
78624	538	7/8/6/2/78624/LICENSE.txt	books_txt/78624.txt
78625	538	7/8/6/2/78625/LICENSE.txt	books_txt/78625.txt
78626	537	7/8/6/2/78626/LICENSE.txt	books_txt/78626.txt
78627	538	7/8/6/2/78627/LICENSE.txt	books_txt/78627.txt
78628	538	7/8/6/2/78628/LICENSE.txt	books_txt/78628.txt
78629	537	7/8/6/2/78629/LICENSE.txt	books_txt/78629.txt
78630	538	7/8/6/3/78630/LICENSE.txt	books_txt/78630.txt
78631	538	7/8/6/3/78631/LICENSE.txt	books_txt/78631.txt
78632	538	7/8/6/3/78632/LICENSE.txt	books_txt/78632.txt
78633	538	7/8/6/3/78633/LICENSE.txt	books_txt/78633.txt
78634	538	7/8/6/3/78634/LICENSE.txt	books_txt/78634.txt
78635	538	7/8/6/3/78635/LICENSE.txt	books_txt/78635.txt
78636	538	7/8/6/3/78636/LICENSE.txt	books_txt/78636.txt
78637	537	7/8/6/3/78637/LICENSE.txt	books_txt/78637.txt
78638	538	7/8/6/3/78638/LICENSE.txt	books_txt/78638.txt
78639	538	7/8/6/3/78639/LICENSE.txt	books_txt/78639.txt
78640	538	7/8/6/4/78640/LICENSE.txt	books_txt/78640.txt
78641	538	7/8/6/4/78641/LICENSE.txt	books_txt/78641.txt
78642	538	7/8/6/4/78642/LICENSE.txt	books_txt/78642.txt
78643	538	7/8/6/4/78643/LICENSE.txt	books_txt/78643.txt
78644	538	7/8/6/4/78644/LICENSE.txt	books_txt/78644.txt
78645	538	7/8/6/4/78645/LICENSE.txt	books_txt/78645.txt
78646	538	7/8/6/4/78646/LICENSE.txt	books_txt/78646.txt
78647	538	7/8/6/4/78647/LICENSE.txt	books_txt/78647.txt
78648	538	7/8/6/4/78648/LICENSE.txt	books_txt/78648.txt
78649	538	7/8/6/4/78649/LICENSE.txt	books_txt/78649.txt
78650	538	7/8/6/5/78650/LICENSE.txt	books_txt/78650.txt
78651	538	7/8/6/5/78651/LICENSE.txt	books_txt/78651.txt
78652	538	7/8/6/5/78652/LICENSE.txt	books_txt/78652.txt
78653	537	7/8/6/5/78653/LICENSE.txt	books_txt/78653.txt
78654	538	7/8/6/5/78654/LICENSE.txt	books_txt/78654.txt
78655	538	7/8/6/5/78655/LICENSE.txt	books_txt/78655.txt
78656	538	7/8/6/5/78656/LICENSE.txt	books_txt/78656.txt
78657	538	7/8/6/5/78657/LICENSE.txt	books_txt/78657.txt
78658	538	7/8/6/5/78658/LICENSE.txt	books_txt/78658.txt
78659	538	7/8/6/5/78659/LICENSE.txt	books_txt/78659.txt
78660	538	7/8/6/6/78660/LICENSE.txt	books_txt/78660.txt
78661	538	7/8/6/6/78661/LICENSE.txt	books_txt/78661.txt
78662	538	7/8/6/6/78662/LICENSE.txt	books_txt/78662.txt
78663	538	7/8/6/6/78663/LICENSE.txt	books_txt/78663.txt
78664	538	7/8/6/6/78664/LICENSE.txt	books_txt/78664.txt
78665	538	7/8/6/6/78665/LICENSE.txt	books_txt/78665.txt
78666	538	7/8/6/6/78666/LICENSE.txt	books_txt/78666.txt
78667	538	7/8/6/6/78667/LICENSE.txt	books_txt/78667.txt
78668	538	7/8/6/6/78668/LICENSE.txt	books_txt/78668.txt
78669	538	7/8/6/6/78669/LICENSE.txt	books_txt/78669.txt
78670	538	7/8/6/7/78670/LICENSE.txt	books_txt/78670.txt
78671	538	7/8/6/7/78671/LICENSE.txt	books_txt/78671.txt
78672	538	7/8/6/7/78672/LICENSE.txt	books_txt/78672.txt
78673	538	7/8/6/7/78673/LICENSE.txt	books_txt/78673.txt
78674	538	7/8/6/7/78674/LICENSE.txt	books_txt/78674.txt
78675	538	7/8/6/7/78675/LICENSE.txt	books_txt/78675.txt
78676	538	7/8/6/7/78676/LICENSE.txt	books_txt/78676.txt
78677	538	7/8/6/7/78677/LICENSE.txt	books_txt/78677.txt
78678	538	7/8/6/7/78678/LICENSE.txt	books_txt/78678.txt
78679	538	7/8/6/7/78679/LICENSE.txt	books_txt/78679.txt
78680	538	7/8/6/8/78680/LICENSE.txt	books_txt/78680.txt
78681	538	7/8/6/8/78681/LICENSE.txt	books_txt/78681.txt
78682	538	7/8/6/8/78682/LICENSE.txt	books_txt/78682.txt
78683	538	7/8/6/8/78683/LICENSE.txt	books_txt/78683.txt
78684	538	7/8/6/8/78684/LICENSE.txt	books_txt/78684.txt
78685	538	7/8/6/8/78685/LICENSE.txt	books_txt/78685.txt
78686	538	7/8/6/8/78686/LICENSE.txt	books_txt/78686.txt
78687	538	7/8/6/8/78687/LICENSE.txt	books_txt/78687.txt
78688	538	7/8/6/8/78688/LICENSE.txt	books_txt/78688.txt
78689	538	7/8/6/8/78689/LICENSE.txt	books_txt/78689.txt
78690	538	7/8/6/9/78690/LICENSE.txt	books_txt/78690.txt
78691	538	7/8/6/9/78691/LICENSE.txt	books_txt/78691.txt
78692	538	7/8/6/9/78692/LICENSE.txt	books_txt/78692.txt
78693	538	7/8/6/9/78693/LICENSE.txt	books_txt/78693.txt
78694	538	7/8/6/9/78694/LICENSE.txt	books_txt/78694.txt
78695	538	7/8/6/9/78695/LICENSE.txt	books_txt/78695.txt
78696	538	7/8/6/9/78696/LICENSE.txt	books_txt/78696.txt
78697	538	7/8/6/9/78697/LICENSE.txt	books_txt/78697.txt
78698	538	7/8/6/9/78698/LICENSE.txt	books_txt/78698.txt
78699	538	7/8/6/9/78699/LICENSE.txt	books_txt/78699.txt
78700	538	7/8/7/0/78700/LICENSE.txt	books_txt/78700.txt
78701	538	7/8/7/0/78701/LICENSE.txt	books_txt/78701.txt
78702	538	7/8/7/0/78702/LICENSE.txt	books_txt/78702.txt
78703	538	7/8/7/0/78703/LICENSE.txt	books_txt/78703.txt
78704	538	7/8/7/0/78704/LICENSE.txt	books_txt/78704.txt
78705	538	7/8/7/0/78705/LICENSE.txt	books_txt/78705.txt
78706	538	7/8/7/0/78706/LICENSE.txt	books_txt/78706.txt
78707	538	7/8/7/0/78707/LICENSE.txt	books_txt/78707.txt
78708	538	7/8/7/0/78708/LICENSE.txt	books_txt/78708.txt
78709	538	7/8/7/0/78709/LICENSE.txt	books_txt/78709.txt
78710	538	7/8/7/1/78710/LICENSE.txt	books_txt/78710.txt
78711	538	7/8/7/1/78711/LICENSE.txt	books_txt/78711.txt
78712	538	7/8/7/1/78712/LICENSE.txt	books_txt/78712.txt
78713	538	7/8/7/1/78713/LICENSE.txt	books_txt/78713.txt
78714	538	7/8/7/1/78714/LICENSE.txt	books_txt/78714.txt
78715	538	7/8/7/1/78715/LICENSE.txt	books_txt/78715.txt
78716	538	7/8/7/1/78716/LICENSE.txt	books_txt/78716.txt
78717	538	7/8/7/1/78717/LICENSE.txt	books_txt/78717.txt
78718	537	7/8/7/1/78718/LICENSE.txt	books_txt/78718.txt
78719	538	7/8/7/1/78719/LICENSE.txt	books_txt/78719.txt
78720	538	7/8/7/2/78720/LICENSE.txt	books_txt/78720.txt
78721	538	7/8/7/2/78721/LICENSE.txt	books_txt/78721.txt
78722	538	7/8/7/2/78722/LICENSE.txt	books_txt/78722.txt
78723	538	7/8/7/2/78723/LICENSE.txt	books_txt/78723.txt
78724	538	7/8/7/2/78724/LICENSE.txt	books_txt/78724.txt
78725	538	7/8/7/2/78725/LICENSE.txt	books_txt/78725.txt
78726	538	7/8/7/2/78726/LICENSE.txt	books_txt/78726.txt
78727	538	7/8/7/2/78727/LICENSE.txt	books_txt/78727.txt
78728	538	7/8/7/2/78728/LICENSE.txt	books_txt/78728.txt
78729	538	7/8/7/2/78729/LICENSE.txt	books_txt/78729.txt
78730	538	7/8/7/3/78730/LICENSE.txt	books_txt/78730.txt
78731	538	7/8/7/3/78731/LICENSE.txt	books_txt/78731.txt
78732	538	7/8/7/3/78732/LICENSE.txt	books_txt/78732.txt
78733	538	7/8/7/3/78733/LICENSE.txt	books_txt/78733.txt
78734	538	7/8/7/3/78734/LICENSE.txt	books_txt/78734.txt
78735	538	7/8/7/3/78735/LICENSE.txt	books_txt/78735.txt
78736	538	7/8/7/3/78736/LICENSE.txt	books_txt/78736.txt
78737	538	7/8/7/3/78737/LICENSE.txt	books_txt/78737.txt
78738	538	7/8/7/3/78738/LICENSE.txt	books_txt/78738.txt
78739	538	7/8/7/3/78739/LICENSE.txt	books_txt/78739.txt
78740	537	7/8/7/4/78740/LICENSE.txt	books_txt/78740.txt
78741	538	7/8/7/4/78741/LICENSE.txt	books_txt/78741.txt
78742	538	7/8/7/4/78742/LICENSE.txt	books_txt/78742.txt
78743	538	7/8/7/4/78743/LICENSE.txt	books_txt/78743.txt
78744	538	7/8/7/4/78744/LICENSE.txt	books_txt/78744.txt
78745	538	7/8/7/4/78745/LICENSE.txt	books_txt/78745.txt
78746	538	7/8/7/4/78746/LICENSE.txt	books_txt/78746.txt
78747	538	7/8/7/4/78747/LICENSE.txt	books_txt/78747.txt
78748	538	7/8/7/4/78748/LICENSE.txt	books_txt/78748.txt
78749	538	7/8/7/4/78749/LICENSE.txt	books_txt/78749.txt
78750	538	7/8/7/5/78750/LICENSE.txt	books_txt/78750.txt
78751	538	7/8/7/5/78751/LICENSE.txt	books_txt/78751.txt
78752	538	7/8/7/5/78752/LICENSE.txt	books_txt/78752.txt
78753	538	7/8/7/5/78753/LICENSE.txt	books_txt/78753.txt
78754	538	7/8/7/5/78754/LICENSE.txt	books_txt/78754.txt
78755	538	7/8/7/5/78755/LICENSE.txt	books_txt/78755.txt
78756	538	7/8/7/5/78756/LICENSE.txt	books_txt/78756.txt
78757	538	7/8/7/5/78757/LICENSE.txt	books_txt/78757.txt
78758	538	7/8/7/5/78758/LICENSE.txt	books_txt/78758.txt
78759	538	7/8/7/5/78759/LICENSE.txt	books_txt/78759.txt
78760	538	7/8/7/6/78760/LICENSE.txt	books_txt/78760.txt
78761	538	7/8/7/6/78761/LICENSE.txt	books_txt/78761.txt
78762	538	7/8/7/6/78762/LICENSE.txt	books_txt/78762.txt
78763	538	7/8/7/6/78763/LICENSE.txt	books_txt/78763.txt
78764	538	7/8/7/6/78764/LICENSE.txt	books_txt/78764.txt
78765	538	7/8/7/6/78765/LICENSE.txt	books_txt/78765.txt
78766	538	7/8/7/6/78766/LICENSE.txt	books_txt/78766.txt
78767	538	7/8/7/6/78767/LICENSE.txt	books_txt/78767.txt
78768	538	7/8/7/6/78768/LICENSE.txt	books_txt/78768.txt
78769	538	7/8/7/6/78769/LICENSE.txt	books_txt/78769.txt
78770	538	7/8/7/7/78770/LICENSE.txt	books_txt/78770.txt
78771	538	7/8/7/7/78771/LICENSE.txt	books_txt/78771.txt
78772	538	7/8/7/7/78772/LICENSE.txt	books_txt/78772.txt
78773	538	7/8/7/7/78773/LICENSE.txt	books_txt/78773.txt
78774	538	7/8/7/7/78774/LICENSE.txt	books_txt/78774.txt
78775	538	7/8/7/7/78775/LICENSE.txt	books_txt/78775.txt
78776	538	7/8/7/7/78776/LICENSE.txt	books_txt/78776.txt
78777	538	7/8/7/7/78777/LICENSE.txt	books_txt/78777.txt
78778	538	7/8/7/7/78778/LICENSE.txt	books_txt/78778.txt
78779	538	7/8/7/7/78779/LICENSE.txt	books_txt/78779.txt
78780	538	7/8/7/8/78780/LICENSE.txt	books_txt/78780.txt
78781	538	7/8/7/8/78781/LICENSE.txt	books_txt/78781.txt
78782	538	7/8/7/8/78782/LICENSE.txt	books_txt/78782.txt
78783	538	7/8/7/8/78783/LICENSE.txt	books_txt/78783.txt
78784	538	7/8/7/8/78784/LICENSE.txt	books_txt/78784.txt
78785	538	7/8/7/8/78785/LICENSE.txt	books_txt/78785.txt
78786	538	7/8/7/8/78786/LICENSE.txt	books_txt/78786.txt
78787	538	7/8/7/8/78787/LICENSE.txt	books_txt/78787.txt
78788	538	7/8/7/8/78788/LICENSE.txt	books_txt/78788.txt
78789	538	7/8/7/8/78789/LICENSE.txt	books_txt/78789.txt
78790	538	7/8/7/9/78790/LICENSE.txt	books_txt/78790.txt
78791	538	7/8/7/9/78791/LICENSE.txt	books_txt/78791.txt
78792	538	7/8/7/9/78792/LICENSE.txt	books_txt/78792.txt
78793	538	7/8/7/9/78793/LICENSE.txt	books_txt/78793.txt
78794	538	7/8/7/9/78794/LICENSE.txt	books_txt/78794.txt
78795	538	7/8/7/9/78795/LICENSE.txt	books_txt/78795.txt
78796	538	7/8/7/9/78796/LICENSE.txt	books_txt/78796.txt
78797	538	7/8/7/9/78797/LICENSE.txt	books_txt/78797.txt
78798	538	7/8/7/9/78798/LICENSE.txt	books_txt/78798.txt
78799	538	7/8/7/9/78799/LICENSE.txt	books_txt/78799.txt
78800	538	7/8/8/0/78800/LICENSE.txt	books_txt/78800.txt
78801	538	7/8/8/0/78801/LICENSE.txt	books_txt/78801.txt
78802	538	7/8/8/0/78802/LICENSE.txt	books_txt/78802.txt
78803	538	7/8/8/0/78803/LICENSE.txt	books_txt/78803.txt
78804	538	7/8/8/0/78804/LICENSE.txt	books_txt/78804.txt
78805	538	7/8/8/0/78805/LICENSE.txt	books_txt/78805.txt
78806	538	7/8/8/0/78806/LICENSE.txt	books_txt/78806.txt
78807	537	7/8/8/0/78807/LICENSE.txt	books_txt/78807.txt
78808	538	7/8/8/0/78808/LICENSE.txt	books_txt/78808.txt
78809	538	7/8/8/0/78809/LICENSE.txt	books_txt/78809.txt
78810	538	7/8/8/1/78810/LICENSE.txt	books_txt/78810.txt
78811	538	7/8/8/1/78811/LICENSE.txt	books_txt/78811.txt
78812	538	7/8/8/1/78812/LICENSE.txt	books_txt/78812.txt
78813	538	7/8/8/1/78813/LICENSE.txt	books_txt/78813.txt
78814	538	7/8/8/1/78814/LICENSE.txt	books_txt/78814.txt
78815	538	7/8/8/1/78815/LICENSE.txt	books_txt/78815.txt
78816	538	7/8/8/1/78816/LICENSE.txt	books_txt/78816.txt
78817	538	7/8/8/1/78817/LICENSE.txt	books_txt/78817.txt
78818	538	7/8/8/1/78818/LICENSE.txt	books_txt/78818.txt
78819	538	7/8/8/1/78819/LICENSE.txt	books_txt/78819.txt
78820	538	7/8/8/2/78820/LICENSE.txt	books_txt/78820.txt
78821	538	7/8/8/2/78821/LICENSE.txt	books_txt/78821.txt
78822	538	7/8/8/2/78822/LICENSE.txt	books_txt/78822.txt
78823	538	7/8/8/2/78823/LICENSE.txt	books_txt/78823.txt
78824	538	7/8/8/2/78824/LICENSE.txt	books_txt/78824.txt
78825	538	7/8/8/2/78825/LICENSE.txt	books_txt/78825.txt
78826	538	7/8/8/2/78826/LICENSE.txt	books_txt/78826.txt
78827	538	7/8/8/2/78827/LICENSE.txt	books_txt/78827.txt
78828	538	7/8/8/2/78828/LICENSE.txt	books_txt/78828.txt
78829	538	7/8/8/2/78829/LICENSE.txt	books_txt/78829.txt
78830	538	7/8/8/3/78830/LICENSE.txt	books_txt/78830.txt
78831	538	7/8/8/3/78831/LICENSE.txt	books_txt/78831.txt
78832	538	7/8/8/3/78832/LICENSE.txt	books_txt/78832.txt
78833	538	7/8/8/3/78833/LICENSE.txt	books_txt/78833.txt
78834	538	7/8/8/3/78834/LICENSE.txt	books_txt/78834.txt
78835	538	7/8/8/3/78835/LICENSE.txt	books_txt/78835.txt
78836	538	7/8/8/3/78836/LICENSE.txt	books_txt/78836.txt
78837	538	7/8/8/3/78837/LICENSE.txt	books_txt/78837.txt
78838	538	7/8/8/3/78838/LICENSE.txt	books_txt/78838.txt
78839	538	7/8/8/3/78839/LICENSE.txt	books_txt/78839.txt
78840	538	7/8/8/4/78840/LICENSE.txt	books_txt/78840.txt
78841	538	7/8/8/4/78841/LICENSE.txt	books_txt/78841.txt
78842	538	7/8/8/4/78842/LICENSE.txt	books_txt/78842.txt
78843	538	7/8/8/4/78843/LICENSE.txt	books_txt/78843.txt
78844	538	7/8/8/4/78844/LICENSE.txt	books_txt/78844.txt
78845	538	7/8/8/4/78845/LICENSE.txt	books_txt/78845.txt
78846	538	7/8/8/4/78846/LICENSE.txt	books_txt/78846.txt
78847	538	7/8/8/4/78847/LICENSE.txt	books_txt/78847.txt
78848	538	7/8/8/4/78848/LICENSE.txt	books_txt/78848.txt
78849	538	7/8/8/4/78849/LICENSE.txt	books_txt/78849.txt
78850	538	7/8/8/5/78850/LICENSE.txt	books_txt/78850.txt
78851	537	7/8/8/5/78851/LICENSE.txt	books_txt/78851.txt
78852	538	7/8/8/5/78852/LICENSE.txt	books_txt/78852.txt
78853	538	7/8/8/5/78853/LICENSE.txt	books_txt/78853.txt
78854	538	7/8/8/5/78854/LICENSE.txt	books_txt/78854.txt
78855	538	7/8/8/5/78855/LICENSE.txt	books_txt/78855.txt
78856	538	7/8/8/5/78856/LICENSE.txt	books_txt/78856.txt
78857	538	7/8/8/5/78857/LICENSE.txt	books_txt/78857.txt
78858	538	7/8/8/5/78858/LICENSE.txt	books_txt/78858.txt
78859	538	7/8/8/5/78859/LICENSE.txt	books_txt/78859.txt
78860	538	7/8/8/6/78860/LICENSE.txt	books_txt/78860.txt
78861	538	7/8/8/6/78861/LICENSE.txt	books_txt/78861.txt
78862	538	7/8/8/6/78862/LICENSE.txt	books_txt/78862.txt
78863	538	7/8/8/6/78863/LICENSE.txt	books_txt/78863.txt
78864	538	7/8/8/6/78864/LICENSE.txt	books_txt/78864.txt
78865	538	7/8/8/6/78865/LICENSE.txt	books_txt/78865.txt
78866	538	7/8/8/6/78866/LICENSE.txt	books_txt/78866.txt
78867	538	7/8/8/6/78867/LICENSE.txt	books_txt/78867.txt
78868	538	7/8/8/6/78868/LICENSE.txt	books_txt/78868.txt
78869	538	7/8/8/6/78869/LICENSE.txt	books_txt/78869.txt
78870	538	7/8/8/7/78870/LICENSE.txt	books_txt/78870.txt
78871	538	7/8/8/7/78871/LICENSE.txt	books_txt/78871.txt
78872	538	7/8/8/7/78872/LICENSE.txt	books_txt/78872.txt
78873	538	7/8/8/7/78873/LICENSE.txt	books_txt/78873.txt
78874	538	7/8/8/7/78874/LICENSE.txt	books_txt/78874.txt
78875	537	7/8/8/7/78875/LICENSE.txt	books_txt/78875.txt
78876	538	7/8/8/7/78876/LICENSE.txt	books_txt/78876.txt
78877	538	7/8/8/7/78877/LICENSE.txt	books_txt/78877.txt
78878	538	7/8/8/7/78878/LICENSE.txt	books_txt/78878.txt
78879	538	7/8/8/7/78879/LICENSE.txt	books_txt/78879.txt
78880	538	7/8/8/8/78880/LICENSE.txt	books_txt/78880.txt
78881	538	7/8/8/8/78881/LICENSE.txt	books_txt/78881.txt
78882	538	7/8/8/8/78882/LICENSE.txt	books_txt/78882.txt
78883	538	7/8/8/8/78883/LICENSE.txt	books_txt/78883.txt
78884	538	7/8/8/8/78884/LICENSE.txt	books_txt/78884.txt
78885	538	7/8/8/8/78885/LICENSE.txt	books_txt/78885.txt
78886	538	7/8/8/8/78886/LICENSE.txt	books_txt/78886.txt
78887	538	7/8/8/8/78887/LICENSE.txt	books_txt/78887.txt
78888	538	7/8/8/8/78888/LICENSE.txt	books_txt/78888.txt
78889	538	7/8/8/8/78889/LICENSE.txt	books_txt/78889.txt
78890	538	7/8/8/9/78890/LICENSE.txt	books_txt/78890.txt
78891	538	7/8/8/9/78891/LICENSE.txt	books_txt/78891.txt
78892	538	7/8/8/9/78892/LICENSE.txt	books_txt/78892.txt
78893	538	7/8/8/9/78893/LICENSE.txt	books_txt/78893.txt
78894	538	7/8/8/9/78894/LICENSE.txt	books_txt/78894.txt
78895	538	7/8/8/9/78895/LICENSE.txt	books_txt/78895.txt
78896	538	7/8/8/9/78896/LICENSE.txt	books_txt/78896.txt
78897	538	7/8/8/9/78897/LICENSE.txt	books_txt/78897.txt
78898	538	7/8/8/9/78898/LICENSE.txt	books_txt/78898.txt
78899	538	7/8/8/9/78899/LICENSE.txt	books_txt/78899.txt
78900	538	7/8/9/0/78900/LICENSE.txt	books_txt/78900.txt
78901	538	7/8/9/0/78901/LICENSE.txt	books_txt/78901.txt
78902	538	7/8/9/0/78902/LICENSE.txt	books_txt/78902.txt
78903	538	7/8/9/0/78903/LICENSE.txt	books_txt/78903.txt
78904	538	7/8/9/0/78904/LICENSE.txt	books_txt/78904.txt
78905	538	7/8/9/0/78905/LICENSE.txt	books_txt/78905.txt
78906	538	7/8/9/0/78906/LICENSE.txt	books_txt/78906.txt
78907	537	7/8/9/0/78907/LICENSE.txt	books_txt/78907.txt
78908	538	7/8/9/0/78908/LICENSE.txt	books_txt/78908.txt
78909	538	7/8/9/0/78909/LICENSE.txt	books_txt/78909.txt
78910	538	7/8/9/1/78910/LICENSE.txt	books_txt/78910.txt
78911	538	7/8/9/1/78911/LICENSE.txt	books_txt/78911.txt
78912	538	7/8/9/1/78912/LICENSE.txt	books_txt/78912.txt
78913	538	7/8/9/1/78913/LICENSE.txt	books_txt/78913.txt
78914	538	7/8/9/1/78914/LICENSE.txt	books_txt/78914.txt
78915	538	7/8/9/1/78915/LICENSE.txt	books_txt/78915.txt
78916	538	7/8/9/1/78916/LICENSE.txt	books_txt/78916.txt
78917	538	7/8/9/1/78917/LICENSE.txt	books_txt/78917.txt
78918	538	7/8/9/1/78918/LICENSE.txt	books_txt/78918.txt
78919	538	7/8/9/1/78919/LICENSE.txt	books_txt/78919.txt
78920	538	7/8/9/2/78920/LICENSE.txt	books_txt/78920.txt
78921	538	7/8/9/2/78921/LICENSE.txt	books_txt/78921.txt
78922	538	7/8/9/2/78922/LICENSE.txt	books_txt/78922.txt
78923	538	7/8/9/2/78923/LICENSE.txt	books_txt/78923.txt
78924	538	7/8/9/2/78924/LICENSE.txt	books_txt/78924.txt
78925	538	7/8/9/2/78925/LICENSE.txt	books_txt/78925.txt
78926	538	7/8/9/2/78926/LICENSE.txt	books_txt/78926.txt
78927	538	7/8/9/2/78927/LICENSE.txt	books_txt/78927.txt
78928	538	7/8/9/2/78928/LICENSE.txt	books_txt/78928.txt
78929	537	7/8/9/2/78929/LICENSE.txt	books_txt/78929.txt
78930	538	7/8/9/3/78930/LICENSE.txt	books_txt/78930.txt
78931	538	7/8/9/3/78931/LICENSE.txt	books_txt/78931.txt
78932	538	7/8/9/3/78932/LICENSE.txt	books_txt/78932.txt
78933	538	7/8/9/3/78933/LICENSE.txt	books_txt/78933.txt
78934	538	7/8/9/3/78934/LICENSE.txt	books_txt/78934.txt
78935	538	7/8/9/3/78935/LICENSE.txt	books_txt/78935.txt
78936	538	7/8/9/3/78936/LICENSE.txt	books_txt/78936.txt
78937	538	7/8/9/3/78937/LICENSE.txt	books_txt/78937.txt
78938	538	7/8/9/3/78938/LICENSE.txt	books_txt/78938.txt
78939	538	7/8/9/3/78939/LICENSE.txt	books_txt/78939.txt
78940	538	7/8/9/4/78940/LICENSE.txt	books_txt/78940.txt
78941	538	7/8/9/4/78941/LICENSE.txt	books_txt/78941.txt
78942	537	7/8/9/4/78942/LICENSE.txt	books_txt/78942.txt
78943	538	7/8/9/4/78943/LICENSE.txt	books_txt/78943.txt
78944	538	7/8/9/4/78944/LICENSE.txt	books_txt/78944.txt
78945	538	7/8/9/4/78945/LICENSE.txt	books_txt/78945.txt
78946	537	7/8/9/4/78946/LICENSE.txt	books_txt/78946.txt
78947	538	7/8/9/4/78947/LICENSE.txt	books_txt/78947.txt
78948	538	7/8/9/4/78948/LICENSE.txt	books_txt/78948.txt
78949	538	7/8/9/4/78949/LICENSE.txt	books_txt/78949.txt
78950	538	7/8/9/5/78950/LICENSE.txt	books_txt/78950.txt
78951	537	7/8/9/5/78951/LICENSE.txt	books_txt/78951.txt
78952	538	7/8/9/5/78952/LICENSE.txt	books_txt/78952.txt
78953	538	7/8/9/5/78953/LICENSE.txt	books_txt/78953.txt
78954	537	7/8/9/5/78954/LICENSE.txt	books_txt/78954.txt
78955	538	7/8/9/5/78955/LICENSE.txt	books_txt/78955.txt
78956	538	7/8/9/5/78956/LICENSE.txt	books_txt/78956.txt
78957	538	7/8/9/5/78957/LICENSE.txt	books_txt/78957.txt
78958	538	7/8/9/5/78958/LICENSE.txt	books_txt/78958.txt
78959	538	7/8/9/5/78959/LICENSE.txt	books_txt/78959.txt
78960	538	7/8/9/6/78960/LICENSE.txt	books_txt/78960.txt
78961	538	7/8/9/6/78961/LICENSE.txt	books_txt/78961.txt
78962	538	7/8/9/6/78962/LICENSE.txt	books_txt/78962.txt
78963	538	7/8/9/6/78963/LICENSE.txt	books_txt/78963.txt
78964	538	7/8/9/6/78964/LICENSE.txt	books_txt/78964.txt
78965	538	7/8/9/6/78965/LICENSE.txt	books_txt/78965.txt
78966	538	7/8/9/6/78966/LICENSE.txt	books_txt/78966.txt
78967	538	7/8/9/6/78967/LICENSE.txt	books_txt/78967.txt
78968	538	7/8/9/6/78968/LICENSE.txt	books_txt/78968.txt
78969	538	7/8/9/6/78969/LICENSE.txt	books_txt/78969.txt
78970	538	7/8/9/7/78970/LICENSE.txt	books_txt/78970.txt
78971	538	7/8/9/7/78971/LICENSE.txt	books_txt/78971.txt
78972	538	7/8/9/7/78972/LICENSE.txt	books_txt/78972.txt
78973	538	7/8/9/7/78973/LICENSE.txt	books_txt/78973.txt
78974	538	7/8/9/7/78974/LICENSE.txt	books_txt/78974.txt
78975	538	7/8/9/7/78975/LICENSE.txt	books_txt/78975.txt
78976	538	7/8/9/7/78976/LICENSE.txt	books_txt/78976.txt
78977	538	7/8/9/7/78977/LICENSE.txt	books_txt/78977.txt
78978	537	7/8/9/7/78978/LICENSE.txt	books_txt/78978.txt
78979	537	7/8/9/7/78979/LICENSE.txt	books_txt/78979.txt
78980	538	7/8/9/8/78980/LICENSE.txt	books_txt/78980.txt
78981	538	7/8/9/8/78981/LICENSE.txt	books_txt/78981.txt
78982	538	7/8/9/8/78982/LICENSE.txt	books_txt/78982.txt
78983	538	7/8/9/8/78983/LICENSE.txt	books_txt/78983.txt
78984	538	7/8/9/8/78984/LICENSE.txt	books_txt/78984.txt
78985	538	7/8/9/8/78985/LICENSE.txt	books_txt/78985.txt
78986	538	7/8/9/8/78986/LICENSE.txt	books_txt/78986.txt
78987	537	7/8/9/8/78987/LICENSE.txt	books_txt/78987.txt
78988	538	7/8/9/8/78988/LICENSE.txt	books_txt/78988.txt
78989	538	7/8/9/8/78989/LICENSE.txt	books_txt/78989.txt
78990	538	7/8/9/9/78990/LICENSE.txt	books_txt/78990.txt
78991	538	7/8/9/9/78991/LICENSE.txt	books_txt/78991.txt
78992	538	7/8/9/9/78992/LICENSE.txt	books_txt/78992.txt
78993	538	7/8/9/9/78993/LICENSE.txt	books_txt/78993.txt
78994	537	7/8/9/9/78994/LICENSE.txt	books_txt/78994.txt
78995	538	7/8/9/9/78995/LICENSE.txt	books_txt/78995.txt
78996	538	7/8/9/9/78996/LICENSE.txt	books_txt/78996.txt
78997	538	7/8/9/9/78997/LICENSE.txt	books_txt/78997.txt
78998	538	7/8/9/9/78998/LICENSE.txt	books_txt/78998.txt
78999	538	7/8/9/9/78999/LICENSE.txt	books_txt/78999.txt
79000	538	7/9/0/0/79000/LICENSE.txt	books_txt/79000.txt
79001	538	7/9/0/0/79001/LICENSE.txt	books_txt/79001.txt
79002	538	7/9/0/0/79002/LICENSE.txt	books_txt/79002.txt
79003	538	7/9/0/0/79003/LICENSE.txt	books_txt/79003.txt
79004	538	7/9/0/0/79004/LICENSE.txt	books_txt/79004.txt
79005	538	7/9/0/0/79005/LICENSE.txt	books_txt/79005.txt
79006	538	7/9/0/0/79006/LICENSE.txt	books_txt/79006.txt
79007	538	7/9/0/0/79007/LICENSE.txt	books_txt/79007.txt
79008	538	7/9/0/0/79008/LICENSE.txt	books_txt/79008.txt
79009	538	7/9/0/0/79009/LICENSE.txt	books_txt/79009.txt
79010	538	7/9/0/1/79010/LICENSE.txt	books_txt/79010.txt
79011	538	7/9/0/1/79011/LICENSE.txt	books_txt/79011.txt
79012	538	7/9/0/1/79012/LICENSE.txt	books_txt/79012.txt
79013	538	7/9/0/1/79013/LICENSE.txt	books_txt/79013.txt
79014	538	7/9/0/1/79014/LICENSE.txt	books_txt/79014.txt
79015	538	7/9/0/1/79015/LICENSE.txt	books_txt/79015.txt
79016	538	7/9/0/1/79016/LICENSE.txt	books_txt/79016.txt
79017	538	7/9/0/1/79017/LICENSE.txt	books_txt/79017.txt
79018	538	7/9/0/1/79018/LICENSE.txt	books_txt/79018.txt
79019	538	7/9/0/1/79019/LICENSE.txt	books_txt/79019.txt
79020	538	7/9/0/2/79020/LICENSE.txt	books_txt/79020.txt
79021	538	7/9/0/2/79021/LICENSE.txt	books_txt/79021.txt
79022	538	7/9/0/2/79022/LICENSE.txt	books_txt/79022.txt
79023	538	7/9/0/2/79023/LICENSE.txt	books_txt/79023.txt
79024	538	7/9/0/2/79024/LICENSE.txt	books_txt/79024.txt
79025	538	7/9/0/2/79025/LICENSE.txt	books_txt/79025.txt
79026	538	7/9/0/2/79026/LICENSE.txt	books_txt/79026.txt
79027	538	7/9/0/2/79027/LICENSE.txt	books_txt/79027.txt
79028	538	7/9/0/2/79028/LICENSE.txt	books_txt/79028.txt
79029	538	7/9/0/2/79029/LICENSE.txt	books_txt/79029.txt
79030	538	7/9/0/3/79030/LICENSE.txt	books_txt/79030.txt
79031	538	7/9/0/3/79031/LICENSE.txt	books_txt/79031.txt
79032	538	7/9/0/3/79032/LICENSE.txt	books_txt/79032.txt
79033	538	7/9/0/3/79033/LICENSE.txt	books_txt/79033.txt
79034	538	7/9/0/3/79034/LICENSE.txt	books_txt/79034.txt
79035	538	7/9/0/3/79035/LICENSE.txt	books_txt/79035.txt
79036	538	7/9/0/3/79036/LICENSE.txt	books_txt/79036.txt
79037	538	7/9/0/3/79037/LICENSE.txt	books_txt/79037.txt
79038	538	7/9/0/3/79038/LICENSE.txt	books_txt/79038.txt
79039	538	7/9/0/3/79039/LICENSE.txt	books_txt/79039.txt
79040	538	7/9/0/4/79040/LICENSE.txt	books_txt/79040.txt
79041	538	7/9/0/4/79041/LICENSE.txt	books_txt/79041.txt
79042	538	7/9/0/4/79042/LICENSE.txt	books_txt/79042.txt
79043	538	7/9/0/4/79043/LICENSE.txt	books_txt/79043.txt
79044	538	7/9/0/4/79044/LICENSE.txt	books_txt/79044.txt
79045	538	7/9/0/4/79045/LICENSE.txt	books_txt/79045.txt
79046	538	7/9/0/4/79046/LICENSE.txt	books_txt/79046.txt
79047	538	7/9/0/4/79047/LICENSE.txt	books_txt/79047.txt
79048	538	7/9/0/4/79048/LICENSE.txt	books_txt/79048.txt
79049	538	7/9/0/4/79049/LICENSE.txt	books_txt/79049.txt
79050	538	7/9/0/5/79050/LICENSE.txt	books_txt/79050.txt
79051	538	7/9/0/5/79051/LICENSE.txt	books_txt/79051.txt
79052	538	7/9/0/5/79052/LICENSE.txt	books_txt/79052.txt
79053	538	7/9/0/5/79053/LICENSE.txt	books_txt/79053.txt
79054	538	7/9/0/5/79054/LICENSE.txt	books_txt/79054.txt
79055	538	7/9/0/5/79055/LICENSE.txt	books_txt/79055.txt
79056	538	7/9/0/5/79056/LICENSE.txt	books_txt/79056.txt
79057	538	7/9/0/5/79057/LICENSE.txt	books_txt/79057.txt
79058	538	7/9/0/5/79058/LICENSE.txt	books_txt/79058.txt
79059	538	7/9/0/5/79059/LICENSE.txt	books_txt/79059.txt
79060	538	7/9/0/6/79060/LICENSE.txt	books_txt/79060.txt
79061	538	7/9/0/6/79061/LICENSE.txt	books_txt/79061.txt
79062	538	7/9/0/6/79062/LICENSE.txt	books_txt/79062.txt
79063	538	7/9/0/6/79063/LICENSE.txt	books_txt/79063.txt
79064	538	7/9/0/6/79064/LICENSE.txt	books_txt/79064.txt
79065	538	7/9/0/6/79065/LICENSE.txt	books_txt/79065.txt
79066	538	7/9/0/6/79066/LICENSE.txt	books_txt/79066.txt
79067	538	7/9/0/6/79067/LICENSE.txt	books_txt/79067.txt
79068	537	7/9/0/6/79068/LICENSE.txt	books_txt/79068.txt
79069	538	7/9/0/6/79069/LICENSE.txt	books_txt/79069.txt
79070	538	7/9/0/7/79070/LICENSE.txt	books_txt/79070.txt
79071	538	7/9/0/7/79071/LICENSE.txt	books_txt/79071.txt
79072	538	7/9/0/7/79072/LICENSE.txt	books_txt/79072.txt
79073	538	7/9/0/7/79073/LICENSE.txt	books_txt/79073.txt
79074	538	7/9/0/7/79074/LICENSE.txt	books_txt/79074.txt
79075	538	7/9/0/7/79075/LICENSE.txt	books_txt/79075.txt
79076	538	7/9/0/7/79076/LICENSE.txt	books_txt/79076.txt
79077	538	7/9/0/7/79077/LICENSE.txt	books_txt/79077.txt
79078	538	7/9/0/7/79078/LICENSE.txt	books_txt/79078.txt
79079	538	7/9/0/7/79079/LICENSE.txt	books_txt/79079.txt
79080	537	7/9/0/8/79080/LICENSE.txt	books_txt/79080.txt
79081	538	7/9/0/8/79081/LICENSE.txt	books_txt/79081.txt
79082	538	7/9/0/8/79082/LICENSE.txt	books_txt/79082.txt
79083	538	7/9/0/8/79083/LICENSE.txt	books_txt/79083.txt
79084	538	7/9/0/8/79084/LICENSE.txt	books_txt/79084.txt
79085	538	7/9/0/8/79085/LICENSE.txt	books_txt/79085.txt
79086	538	7/9/0/8/79086/LICENSE.txt	books_txt/79086.txt
79087	538	7/9/0/8/79087/LICENSE.txt	books_txt/79087.txt
79088	538	7/9/0/8/79088/LICENSE.txt	books_txt/79088.txt
79089	538	7/9/0/8/79089/LICENSE.txt	books_txt/79089.txt
79090	538	7/9/0/9/79090/LICENSE.txt	books_txt/79090.txt
79091	538	7/9/0/9/79091/LICENSE.txt	books_txt/79091.txt
79092	538	7/9/0/9/79092/LICENSE.txt	books_txt/79092.txt
79093	538	7/9/0/9/79093/LICENSE.txt	books_txt/79093.txt
79094	537	7/9/0/9/79094/LICENSE.txt	books_txt/79094.txt
79095	538	7/9/0/9/79095/LICENSE.txt	books_txt/79095.txt
79096	538	7/9/0/9/79096/LICENSE.txt	books_txt/79096.txt
79097	538	7/9/0/9/79097/LICENSE.txt	books_txt/79097.txt
79098	538	7/9/0/9/79098/LICENSE.txt	books_txt/79098.txt
79099	538	7/9/0/9/79099/LICENSE.txt	books_txt/79099.txt
79100	538	7/9/1/0/79100/LICENSE.txt	books_txt/79100.txt
79101	538	7/9/1/0/79101/LICENSE.txt	books_txt/79101.txt
79102	537	7/9/1/0/79102/LICENSE.txt	books_txt/79102.txt
79103	538	7/9/1/0/79103/LICENSE.txt	books_txt/79103.txt
79104	537	7/9/1/0/79104/LICENSE.txt	books_txt/79104.txt
79105	538	7/9/1/0/79105/LICENSE.txt	books_txt/79105.txt
79106	537	7/9/1/0/79106/LICENSE.txt	books_txt/79106.txt
79107	538	7/9/1/0/79107/LICENSE.txt	books_txt/79107.txt
79108	538	7/9/1/0/79108/LICENSE.txt	books_txt/79108.txt
79109	538	7/9/1/0/79109/LICENSE.txt	books_txt/79109.txt
79110	538	7/9/1/1/79110/LICENSE.txt	books_txt/79110.txt
79111	538	7/9/1/1/79111/LICENSE.txt	books_txt/79111.txt
79112	538	7/9/1/1/79112/LICENSE.txt	books_txt/79112.txt
79113	538	7/9/1/1/79113/LICENSE.txt	books_txt/79113.txt
79114	538	7/9/1/1/79114/LICENSE.txt	books_txt/79114.txt
79115	538	7/9/1/1/79115/LICENSE.txt	books_txt/79115.txt
79116	538	7/9/1/1/79116/LICENSE.txt	books_txt/79116.txt
79117	538	7/9/1/1/79117/LICENSE.txt	books_txt/79117.txt
79118	538	7/9/1/1/79118/LICENSE.txt	books_txt/79118.txt
79119	538	7/9/1/1/79119/LICENSE.txt	books_txt/79119.txt
79120	538	7/9/1/2/79120/LICENSE.txt	books_txt/79120.txt
79121	538	7/9/1/2/79121/LICENSE.txt	books_txt/79121.txt
79122	538	7/9/1/2/79122/LICENSE.txt	books_txt/79122.txt
79123	538	7/9/1/2/79123/LICENSE.txt	books_txt/79123.txt
79124	538	7/9/1/2/79124/LICENSE.txt	books_txt/79124.txt
79125	538	7/9/1/2/79125/LICENSE.txt	books_txt/79125.txt
79126	538	7/9/1/2/79126/LICENSE.txt	books_txt/79126.txt
79127	538	7/9/1/2/79127/LICENSE.txt	books_txt/79127.txt
79128	538	7/9/1/2/79128/LICENSE.txt	books_txt/79128.txt
79129	538	7/9/1/2/79129/LICENSE.txt	books_txt/79129.txt
79130	538	7/9/1/3/79130/LICENSE.txt	books_txt/79130.txt
79131	538	7/9/1/3/79131/LICENSE.txt	books_txt/79131.txt
79132	538	7/9/1/3/79132/LICENSE.txt	books_txt/79132.txt
79133	538	7/9/1/3/79133/LICENSE.txt	books_txt/79133.txt
79134	538	7/9/1/3/79134/LICENSE.txt	books_txt/79134.txt
79135	538	7/9/1/3/79135/LICENSE.txt	books_txt/79135.txt
79136	538	7/9/1/3/79136/LICENSE.txt	books_txt/79136.txt
79137	538	7/9/1/3/79137/LICENSE.txt	books_txt/79137.txt
79138	538	7/9/1/3/79138/LICENSE.txt	books_txt/79138.txt
79139	538	7/9/1/3/79139/LICENSE.txt	books_txt/79139.txt
79140	538	7/9/1/4/79140/LICENSE.txt	books_txt/79140.txt
79141	538	7/9/1/4/79141/LICENSE.txt	books_txt/79141.txt
79142	538	7/9/1/4/79142/LICENSE.txt	books_txt/79142.txt
79143	538	7/9/1/4/79143/LICENSE.txt	books_txt/79143.txt
79144	538	7/9/1/4/79144/LICENSE.txt	books_txt/79144.txt
79145	538	7/9/1/4/79145/LICENSE.txt	books_txt/79145.txt
79146	537	7/9/1/4/79146/LICENSE.txt	books_txt/79146.txt
79147	538	7/9/1/4/79147/LICENSE.txt	books_txt/79147.txt
79148	538	7/9/1/4/79148/LICENSE.txt	books_txt/79148.txt
79149	538	7/9/1/4/79149/LICENSE.txt	books_txt/79149.txt
79150	538	7/9/1/5/79150/LICENSE.txt	books_txt/79150.txt
79151	538	7/9/1/5/79151/LICENSE.txt	books_txt/79151.txt
79152	538	7/9/1/5/79152/LICENSE.txt	books_txt/79152.txt
79153	538	7/9/1/5/79153/LICENSE.txt	books_txt/79153.txt
79154	538	7/9/1/5/79154/LICENSE.txt	books_txt/79154.txt
79155	538	7/9/1/5/79155/LICENSE.txt	books_txt/79155.txt
79156	538	7/9/1/5/79156/LICENSE.txt	books_txt/79156.txt
79157	538	7/9/1/5/79157/LICENSE.txt	books_txt/79157.txt
79158	538	7/9/1/5/79158/LICENSE.txt	books_txt/79158.txt
79159	538	7/9/1/5/79159/LICENSE.txt	books_txt/79159.txt
79160	538	7/9/1/6/79160/LICENSE.txt	books_txt/79160.txt
79161	538	7/9/1/6/79161/LICENSE.txt	books_txt/79161.txt
79162	538	7/9/1/6/79162/LICENSE.txt	books_txt/79162.txt
79163	538	7/9/1/6/79163/LICENSE.txt	books_txt/79163.txt
79164	538	7/9/1/6/79164/LICENSE.txt	books_txt/79164.txt
79165	538	7/9/1/6/79165/LICENSE.txt	books_txt/79165.txt
79166	538	7/9/1/6/79166/LICENSE.txt	books_txt/79166.txt
79167	538	7/9/1/6/79167/LICENSE.txt	books_txt/79167.txt
79168	538	7/9/1/6/79168/LICENSE.txt	books_txt/79168.txt
79169	537	7/9/1/6/79169/LICENSE.txt	books_txt/79169.txt
79170	538	7/9/1/7/79170/LICENSE.txt	books_txt/79170.txt
79171	538	7/9/1/7/79171/LICENSE.txt	books_txt/79171.txt
79172	538	7/9/1/7/79172/LICENSE.txt	books_txt/79172.txt
79173	538	7/9/1/7/79173/LICENSE.txt	books_txt/79173.txt
79174	538	7/9/1/7/79174/LICENSE.txt	books_txt/79174.txt
79175	538	7/9/1/7/79175/LICENSE.txt	books_txt/79175.txt
79176	538	7/9/1/7/79176/LICENSE.txt	books_txt/79176.txt
79177	538	7/9/1/7/79177/LICENSE.txt	books_txt/79177.txt
79178	538	7/9/1/7/79178/LICENSE.txt	books_txt/79178.txt
79179	538	7/9/1/7/79179/LICENSE.txt	books_txt/79179.txt
79180	538	7/9/1/8/79180/LICENSE.txt	books_txt/79180.txt
79181	538	7/9/1/8/79181/LICENSE.txt	books_txt/79181.txt
79182	538	7/9/1/8/79182/LICENSE.txt	books_txt/79182.txt
79183	538	7/9/1/8/79183/LICENSE.txt	books_txt/79183.txt
79184	538	7/9/1/8/79184/LICENSE.txt	books_txt/79184.txt
79185	538	7/9/1/8/79185/LICENSE.txt	books_txt/79185.txt
79186	538	7/9/1/8/79186/LICENSE.txt	books_txt/79186.txt
79187	538	7/9/1/8/79187/LICENSE.txt	books_txt/79187.txt
79188	538	7/9/1/8/79188/LICENSE.txt	books_txt/79188.txt
79189	538	7/9/1/8/79189/LICENSE.txt	books_txt/79189.txt
79190	538	7/9/1/9/79190/LICENSE.txt	books_txt/79190.txt
79191	537	7/9/1/9/79191/LICENSE.txt	books_txt/79191.txt
79192	537	7/9/1/9/79192/LICENSE.txt	books_txt/79192.txt
79193	538	7/9/1/9/79193/LICENSE.txt	books_txt/79193.txt
79194	538	7/9/1/9/79194/LICENSE.txt	books_txt/79194.txt
79195	538	7/9/1/9/79195/LICENSE.txt	books_txt/79195.txt
79196	538	7/9/1/9/79196/LICENSE.txt	books_txt/79196.txt
79197	538	7/9/1/9/79197/LICENSE.txt	books_txt/79197.txt
79198	538	7/9/1/9/79198/LICENSE.txt	books_txt/79198.txt
79199	538	7/9/1/9/79199/LICENSE.txt	books_txt/79199.txt
79200	538	7/9/2/0/79200/LICENSE.txt	books_txt/79200.txt
79201	538	7/9/2/0/79201/LICENSE.txt	books_txt/79201.txt
79202	537	7/9/2/0/79202/LICENSE.txt	books_txt/79202.txt
79203	538	7/9/2/0/79203/LICENSE.txt	books_txt/79203.txt
79204	538	7/9/2/0/79204/LICENSE.txt	books_txt/79204.txt
79205	537	7/9/2/0/79205/LICENSE.txt	books_txt/79205.txt
79206	538	7/9/2/0/79206/LICENSE.txt	books_txt/79206.txt
79207	538	7/9/2/0/79207/LICENSE.txt	books_txt/79207.txt
79208	538	7/9/2/0/79208/LICENSE.txt	books_txt/79208.txt
79209	538	7/9/2/0/79209/LICENSE.txt	books_txt/79209.txt
79210	537	7/9/2/1/79210/LICENSE.txt	books_txt/79210.txt
79211	538	7/9/2/1/79211/LICENSE.txt	books_txt/79211.txt
79212	538	7/9/2/1/79212/LICENSE.txt	books_txt/79212.txt
79213	538	7/9/2/1/79213/LICENSE.txt	books_txt/79213.txt
79214	537	7/9/2/1/79214/LICENSE.txt	books_txt/79214.txt
79215	537	7/9/2/1/79215/LICENSE.txt	books_txt/79215.txt
79216	538	7/9/2/1/79216/LICENSE.txt	books_txt/79216.txt
79217	538	7/9/2/1/79217/LICENSE.txt	books_txt/79217.txt
79218	538	7/9/2/1/79218/LICENSE.txt	books_txt/79218.txt
79219	538	7/9/2/1/79219/LICENSE.txt	books_txt/79219.txt
79221	538	7/9/2/2/79221/LICENSE.txt	books_txt/79221.txt
79222	538	7/9/2/2/79222/LICENSE.txt	books_txt/79222.txt
79223	538	7/9/2/2/79223/LICENSE.txt	books_txt/79223.txt
79224	538	7/9/2/2/79224/LICENSE.txt	books_txt/79224.txt
79225	537	7/9/2/2/79225/LICENSE.txt	books_txt/79225.txt
79226	538	7/9/2/2/79226/LICENSE.txt	books_txt/79226.txt
79227	538	7/9/2/2/79227/LICENSE.txt	books_txt/79227.txt
79228	538	7/9/2/2/79228/LICENSE.txt	books_txt/79228.txt
79229	538	7/9/2/2/79229/LICENSE.txt	books_txt/79229.txt
79230	537	7/9/2/3/79230/LICENSE.txt	books_txt/79230.txt
79231	538	7/9/2/3/79231/LICENSE.txt	books_txt/79231.txt
79232	538	7/9/2/3/79232/LICENSE.txt	books_txt/79232.txt
79233	538	7/9/2/3/79233/LICENSE.txt	books_txt/79233.txt
79234	538	7/9/2/3/79234/LICENSE.txt	books_txt/79234.txt
79235	538	7/9/2/3/79235/LICENSE.txt	books_txt/79235.txt
79236	538	7/9/2/3/79236/LICENSE.txt	books_txt/79236.txt
79237	538	7/9/2/3/79237/LICENSE.txt	books_txt/79237.txt
79238	538	7/9/2/3/79238/LICENSE.txt	books_txt/79238.txt
79239	538	7/9/2/3/79239/LICENSE.txt	books_txt/79239.txt
79240	538	7/9/2/4/79240/LICENSE.txt	books_txt/79240.txt
79241	538	7/9/2/4/79241/LICENSE.txt	books_txt/79241.txt
79242	538	7/9/2/4/79242/LICENSE.txt	books_txt/79242.txt
79243	538	7/9/2/4/79243/LICENSE.txt	books_txt/79243.txt
79244	538	7/9/2/4/79244/LICENSE.txt	books_txt/79244.txt
79245	538	7/9/2/4/79245/LICENSE.txt	books_txt/79245.txt
79246	538	7/9/2/4/79246/LICENSE.txt	books_txt/79246.txt
79247	538	7/9/2/4/79247/LICENSE.txt	books_txt/79247.txt
79248	538	7/9/2/4/79248/LICENSE.txt	books_txt/79248.txt
79249	538	7/9/2/4/79249/LICENSE.txt	books_txt/79249.txt
79250	538	7/9/2/5/79250/LICENSE.txt	books_txt/79250.txt
79251	538	7/9/2/5/79251/LICENSE.txt	books_txt/79251.txt
79252	538	7/9/2/5/79252/LICENSE.txt	books_txt/79252.txt
79253	538	7/9/2/5/79253/LICENSE.txt	books_txt/79253.txt
79254	538	7/9/2/5/79254/LICENSE.txt	books_txt/79254.txt
79255	538	7/9/2/5/79255/LICENSE.txt	books_txt/79255.txt
79256	538	7/9/2/5/79256/LICENSE.txt	books_txt/79256.txt
79257	538	7/9/2/5/79257/LICENSE.txt	books_txt/79257.txt
79258	538	7/9/2/5/79258/LICENSE.txt	books_txt/79258.txt
79259	538	7/9/2/5/79259/LICENSE.txt	books_txt/79259.txt
79260	538	7/9/2/6/79260/LICENSE.txt	books_txt/79260.txt
79261	538	7/9/2/6/79261/LICENSE.txt	books_txt/79261.txt
79262	538	7/9/2/6/79262/LICENSE.txt	books_txt/79262.txt
79263	538	7/9/2/6/79263/LICENSE.txt	books_txt/79263.txt
79264	537	7/9/2/6/79264/LICENSE.txt	books_txt/79264.txt
79265	538	7/9/2/6/79265/LICENSE.txt	books_txt/79265.txt
79266	538	7/9/2/6/79266/LICENSE.txt	books_txt/79266.txt
79267	538	7/9/2/6/79267/LICENSE.txt	books_txt/79267.txt
79268	538	7/9/2/6/79268/LICENSE.txt	books_txt/79268.txt
79269	538	7/9/2/6/79269/LICENSE.txt	books_txt/79269.txt
79270	538	7/9/2/7/79270/LICENSE.txt	books_txt/79270.txt
79271	538	7/9/2/7/79271/LICENSE.txt	books_txt/79271.txt
79272	538	7/9/2/7/79272/LICENSE.txt	books_txt/79272.txt
79273	538	7/9/2/7/79273/LICENSE.txt	books_txt/79273.txt
79274	538	7/9/2/7/79274/LICENSE.txt	books_txt/79274.txt
79275	538	7/9/2/7/79275/LICENSE.txt	books_txt/79275.txt
79276	538	7/9/2/7/79276/LICENSE.txt	books_txt/79276.txt
79277	538	7/9/2/7/79277/LICENSE.txt	books_txt/79277.txt
79278	538	7/9/2/7/79278/LICENSE.txt	books_txt/79278.txt
79279	538	7/9/2/7/79279/LICENSE.txt	books_txt/79279.txt
79280	538	7/9/2/8/79280/LICENSE.txt	books_txt/79280.txt
79281	538	7/9/2/8/79281/LICENSE.txt	books_txt/79281.txt
79282	538	7/9/2/8/79282/LICENSE.txt	books_txt/79282.txt
79283	538	7/9/2/8/79283/LICENSE.txt	books_txt/79283.txt
79284	538	7/9/2/8/79284/LICENSE.txt	books_txt/79284.txt
79285	538	7/9/2/8/79285/LICENSE.txt	books_txt/79285.txt
79286	538	7/9/2/8/79286/LICENSE.txt	books_txt/79286.txt
79287	538	7/9/2/8/79287/LICENSE.txt	books_txt/79287.txt
79288	538	7/9/2/8/79288/LICENSE.txt	books_txt/79288.txt
79289	538	7/9/2/8/79289/LICENSE.txt	books_txt/79289.txt
79290	538	7/9/2/9/79290/LICENSE.txt	books_txt/79290.txt
79291	538	7/9/2/9/79291/LICENSE.txt	books_txt/79291.txt
79292	538	7/9/2/9/79292/LICENSE.txt	books_txt/79292.txt
79293	537	7/9/2/9/79293/LICENSE.txt	books_txt/79293.txt
79294	538	7/9/2/9/79294/LICENSE.txt	books_txt/79294.txt
79295	538	7/9/2/9/79295/LICENSE.txt	books_txt/79295.txt
79296	538	7/9/2/9/79296/LICENSE.txt	books_txt/79296.txt
79297	538	7/9/2/9/79297/LICENSE.txt	books_txt/79297.txt
79298	538	7/9/2/9/79298/LICENSE.txt	books_txt/79298.txt
79299	537	7/9/2/9/79299/LICENSE.txt	books_txt/79299.txt
79300	538	7/9/3/0/79300/LICENSE.txt	books_txt/79300.txt
79301	538	7/9/3/0/79301/LICENSE.txt	books_txt/79301.txt
79302	538	7/9/3/0/79302/LICENSE.txt	books_txt/79302.txt
79303	538	7/9/3/0/79303/LICENSE.txt	books_txt/79303.txt
79304	538	7/9/3/0/79304/LICENSE.txt	books_txt/79304.txt
79305	538	7/9/3/0/79305/LICENSE.txt	books_txt/79305.txt
79306	538	7/9/3/0/79306/LICENSE.txt	books_txt/79306.txt
79307	538	7/9/3/0/79307/LICENSE.txt	books_txt/79307.txt
79308	538	7/9/3/0/79308/LICENSE.txt	books_txt/79308.txt
79309	538	7/9/3/0/79309/LICENSE.txt	books_txt/79309.txt
79310	538	7/9/3/1/79310/LICENSE.txt	books_txt/79310.txt
79311	538	7/9/3/1/79311/LICENSE.txt	books_txt/79311.txt
79312	538	7/9/3/1/79312/LICENSE.txt	books_txt/79312.txt
79313	538	7/9/3/1/79313/LICENSE.txt	books_txt/79313.txt
79314	538	7/9/3/1/79314/LICENSE.txt	books_txt/79314.txt
79315	538	7/9/3/1/79315/LICENSE.txt	books_txt/79315.txt
79316	538	7/9/3/1/79316/LICENSE.txt	books_txt/79316.txt
79317	538	7/9/3/1/79317/LICENSE.txt	books_txt/79317.txt
79318	538	7/9/3/1/79318/LICENSE.txt	books_txt/79318.txt
79319	538	7/9/3/1/79319/LICENSE.txt	books_txt/79319.txt
79320	537	7/9/3/2/79320/LICENSE.txt	books_txt/79320.txt
79321	538	7/9/3/2/79321/LICENSE.txt	books_txt/79321.txt
79322	538	7/9/3/2/79322/LICENSE.txt	books_txt/79322.txt
79323	537	7/9/3/2/79323/LICENSE.txt	books_txt/79323.txt
79324	538	7/9/3/2/79324/LICENSE.txt	books_txt/79324.txt
79325	538	7/9/3/2/79325/LICENSE.txt	books_txt/79325.txt
79326	538	7/9/3/2/79326/LICENSE.txt	books_txt/79326.txt
79327	538	7/9/3/2/79327/LICENSE.txt	books_txt/79327.txt
79328	538	7/9/3/2/79328/LICENSE.txt	books_txt/79328.txt
79329	538	7/9/3/2/79329/LICENSE.txt	books_txt/79329.txt
79330	538	7/9/3/3/79330/LICENSE.txt	books_txt/79330.txt
79331	538	7/9/3/3/79331/LICENSE.txt	books_txt/79331.txt
79332	538	7/9/3/3/79332/LICENSE.txt	books_txt/79332.txt
79333	538	7/9/3/3/79333/LICENSE.txt	books_txt/79333.txt
79334	538	7/9/3/3/79334/LICENSE.txt	books_txt/79334.txt
79335	538	7/9/3/3/79335/LICENSE.txt	books_txt/79335.txt
79336	538	7/9/3/3/79336/LICENSE.txt	books_txt/79336.txt
79337	538	7/9/3/3/79337/LICENSE.txt	books_txt/79337.txt
79338	538	7/9/3/3/79338/LICENSE.txt	books_txt/79338.txt
79339	538	7/9/3/3/79339/LICENSE.txt	books_txt/79339.txt
79340	538	7/9/3/4/79340/LICENSE.txt	books_txt/79340.txt
79341	538	7/9/3/4/79341/LICENSE.txt	books_txt/79341.txt
79342	538	7/9/3/4/79342/LICENSE.txt	books_txt/79342.txt
79343	538	7/9/3/4/79343/LICENSE.txt	books_txt/79343.txt
79344	538	7/9/3/4/79344/LICENSE.txt	books_txt/79344.txt
79345	538	7/9/3/4/79345/LICENSE.txt	books_txt/79345.txt
79346	538	7/9/3/4/79346/LICENSE.txt	books_txt/79346.txt
79347	538	7/9/3/4/79347/LICENSE.txt	books_txt/79347.txt
79348	538	7/9/3/4/79348/LICENSE.txt	books_txt/79348.txt
79349	538	7/9/3/4/79349/LICENSE.txt	books_txt/79349.txt
79350	538	7/9/3/5/79350/LICENSE.txt	books_txt/79350.txt
79351	538	7/9/3/5/79351/LICENSE.txt	books_txt/79351.txt
79352	538	7/9/3/5/79352/LICENSE.txt	books_txt/79352.txt
79353	538	7/9/3/5/79353/LICENSE.txt	books_txt/79353.txt
79354	538	7/9/3/5/79354/LICENSE.txt	books_txt/79354.txt
79355	538	7/9/3/5/79355/LICENSE.txt	books_txt/79355.txt
79356	538	7/9/3/5/79356/LICENSE.txt	books_txt/79356.txt
79357	538	7/9/3/5/79357/LICENSE.txt	books_txt/79357.txt
79358	538	7/9/3/5/79358/LICENSE.txt	books_txt/79358.txt
79359	538	7/9/3/5/79359/LICENSE.txt	books_txt/79359.txt
79360	538	7/9/3/6/79360/LICENSE.txt	books_txt/79360.txt
79361	538	7/9/3/6/79361/LICENSE.txt	books_txt/79361.txt
79362	538	7/9/3/6/79362/LICENSE.txt	books_txt/79362.txt
79363	538	7/9/3/6/79363/LICENSE.txt	books_txt/79363.txt
79364	537	7/9/3/6/79364/LICENSE.txt	books_txt/79364.txt
79365	538	7/9/3/6/79365/LICENSE.txt	books_txt/79365.txt
79366	538	7/9/3/6/79366/LICENSE.txt	books_txt/79366.txt
79367	538	7/9/3/6/79367/LICENSE.txt	books_txt/79367.txt
79368	538	7/9/3/6/79368/LICENSE.txt	books_txt/79368.txt
79369	538	7/9/3/6/79369/LICENSE.txt	books_txt/79369.txt
79370	538	7/9/3/7/79370/LICENSE.txt	books_txt/79370.txt
79371	538	7/9/3/7/79371/LICENSE.txt	books_txt/79371.txt
79372	538	7/9/3/7/79372/LICENSE.txt	books_txt/79372.txt
79373	538	7/9/3/7/79373/LICENSE.txt	books_txt/79373.txt
79374	538	7/9/3/7/79374/LICENSE.txt	books_txt/79374.txt
79375	537	7/9/3/7/79375/LICENSE.txt	books_txt/79375.txt
79376	538	7/9/3/7/79376/LICENSE.txt	books_txt/79376.txt
79377	538	7/9/3/7/79377/LICENSE.txt	books_txt/79377.txt
79378	538	7/9/3/7/79378/LICENSE.txt	books_txt/79378.txt
79379	538	7/9/3/7/79379/LICENSE.txt	books_txt/79379.txt
79380	538	7/9/3/8/79380/LICENSE.txt	books_txt/79380.txt
79381	538	7/9/3/8/79381/LICENSE.txt	books_txt/79381.txt
79382	538	7/9/3/8/79382/LICENSE.txt	books_txt/79382.txt
79383	538	7/9/3/8/79383/LICENSE.txt	books_txt/79383.txt
79384	538	7/9/3/8/79384/LICENSE.txt	books_txt/79384.txt
79385	538	7/9/3/8/79385/LICENSE.txt	books_txt/79385.txt
79386	538	7/9/3/8/79386/LICENSE.txt	books_txt/79386.txt
79387	538	7/9/3/8/79387/LICENSE.txt	books_txt/79387.txt
79388	538	7/9/3/8/79388/LICENSE.txt	books_txt/79388.txt
79389	538	7/9/3/8/79389/LICENSE.txt	books_txt/79389.txt
79390	538	7/9/3/9/79390/LICENSE.txt	books_txt/79390.txt
79391	538	7/9/3/9/79391/LICENSE.txt	books_txt/79391.txt
79392	538	7/9/3/9/79392/LICENSE.txt	books_txt/79392.txt
79393	538	7/9/3/9/79393/LICENSE.txt	books_txt/79393.txt
79394	538	7/9/3/9/79394/LICENSE.txt	books_txt/79394.txt
79395	538	7/9/3/9/79395/LICENSE.txt	books_txt/79395.txt
79396	538	7/9/3/9/79396/LICENSE.txt	books_txt/79396.txt
79397	538	7/9/3/9/79397/LICENSE.txt	books_txt/79397.txt
79398	537	7/9/3/9/79398/LICENSE.txt	books_txt/79398.txt
79399	538	7/9/3/9/79399/LICENSE.txt	books_txt/79399.txt
79400	538	7/9/4/0/79400/LICENSE.txt	books_txt/79400.txt
79401	538	7/9/4/0/79401/LICENSE.txt	books_txt/79401.txt
79402	537	7/9/4/0/79402/LICENSE.txt	books_txt/79402.txt
79403	538	7/9/4/0/79403/LICENSE.txt	books_txt/79403.txt
79404	538	7/9/4/0/79404/LICENSE.txt	books_txt/79404.txt
79405	537	7/9/4/0/79405/LICENSE.txt	books_txt/79405.txt
79406	538	7/9/4/0/79406/LICENSE.txt	books_txt/79406.txt
79407	538	7/9/4/0/79407/LICENSE.txt	books_txt/79407.txt
79408	538	7/9/4/0/79408/LICENSE.txt	books_txt/79408.txt
79409	538	7/9/4/0/79409/LICENSE.txt	books_txt/79409.txt
79410	538	7/9/4/1/79410/LICENSE.txt	books_txt/79410.txt
79411	538	7/9/4/1/79411/LICENSE.txt	books_txt/79411.txt
79412	538	7/9/4/1/79412/LICENSE.txt	books_txt/79412.txt
79413	538	7/9/4/1/79413/LICENSE.txt	books_txt/79413.txt
79414	538	7/9/4/1/79414/LICENSE.txt	books_txt/79414.txt
79415	538	7/9/4/1/79415/LICENSE.txt	books_txt/79415.txt
79416	538	7/9/4/1/79416/LICENSE.txt	books_txt/79416.txt
79417	538	7/9/4/1/79417/LICENSE.txt	books_txt/79417.txt
79418	538	7/9/4/1/79418/LICENSE.txt	books_txt/79418.txt
79419	538	7/9/4/1/79419/LICENSE.txt	books_txt/79419.txt
79420	538	7/9/4/2/79420/LICENSE.txt	books_txt/79420.txt
79421	538	7/9/4/2/79421/LICENSE.txt	books_txt/79421.txt
79422	538	7/9/4/2/79422/LICENSE.txt	books_txt/79422.txt
79423	538	7/9/4/2/79423/LICENSE.txt	books_txt/79423.txt
79424	538	7/9/4/2/79424/LICENSE.txt	books_txt/79424.txt
79425	538	7/9/4/2/79425/LICENSE.txt	books_txt/79425.txt
79426	538	7/9/4/2/79426/LICENSE.txt	books_txt/79426.txt
79427	538	7/9/4/2/79427/LICENSE.txt	books_txt/79427.txt
79428	538	7/9/4/2/79428/LICENSE.txt	books_txt/79428.txt
79429	538	7/9/4/2/79429/LICENSE.txt	books_txt/79429.txt
79430	538	7/9/4/3/79430/LICENSE.txt	books_txt/79430.txt
79431	538	7/9/4/3/79431/LICENSE.txt	books_txt/79431.txt
79432	538	7/9/4/3/79432/LICENSE.txt	books_txt/79432.txt
79433	538	7/9/4/3/79433/LICENSE.txt	books_txt/79433.txt
79434	538	7/9/4/3/79434/LICENSE.txt	books_txt/79434.txt
79435	538	7/9/4/3/79435/LICENSE.txt	books_txt/79435.txt
79436	538	7/9/4/3/79436/LICENSE.txt	books_txt/79436.txt
79437	538	7/9/4/3/79437/LICENSE.txt	books_txt/79437.txt
79438	538	7/9/4/3/79438/LICENSE.txt	books_txt/79438.txt
79439	538	7/9/4/3/79439/LICENSE.txt	books_txt/79439.txt
79440	538	7/9/4/4/79440/LICENSE.txt	books_txt/79440.txt
79441	538	7/9/4/4/79441/LICENSE.txt	books_txt/79441.txt
79442	538	7/9/4/4/79442/LICENSE.txt	books_txt/79442.txt
79443	538	7/9/4/4/79443/LICENSE.txt	books_txt/79443.txt
79444	538	7/9/4/4/79444/LICENSE.txt	books_txt/79444.txt
79445	538	7/9/4/4/79445/LICENSE.txt	books_txt/79445.txt
79446	538	7/9/4/4/79446/LICENSE.txt	books_txt/79446.txt
79447	538	7/9/4/4/79447/LICENSE.txt	books_txt/79447.txt
79448	538	7/9/4/4/79448/LICENSE.txt	books_txt/79448.txt
79449	538	7/9/4/4/79449/LICENSE.txt	books_txt/79449.txt
79450	538	7/9/4/5/79450/LICENSE.txt	books_txt/79450.txt
79451	538	7/9/4/5/79451/LICENSE.txt	books_txt/79451.txt
79452	537	7/9/4/5/79452/LICENSE.txt	books_txt/79452.txt
79453	538	7/9/4/5/79453/LICENSE.txt	books_txt/79453.txt
79454	538	7/9/4/5/79454/LICENSE.txt	books_txt/79454.txt
79455	538	7/9/4/5/79455/LICENSE.txt	books_txt/79455.txt
79456	538	7/9/4/5/79456/LICENSE.txt	books_txt/79456.txt
79457	538	7/9/4/5/79457/LICENSE.txt	books_txt/79457.txt
79458	538	7/9/4/5/79458/LICENSE.txt	books_txt/79458.txt
79459	538	7/9/4/5/79459/LICENSE.txt	books_txt/79459.txt
79460	538	7/9/4/6/79460/LICENSE.txt	books_txt/79460.txt
79461	538	7/9/4/6/79461/LICENSE.txt	books_txt/79461.txt
79462	538	7/9/4/6/79462/LICENSE.txt	books_txt/79462.txt
79463	538	7/9/4/6/79463/LICENSE.txt	books_txt/79463.txt
79464	538	7/9/4/6/79464/LICENSE.txt	books_txt/79464.txt
79465	538	7/9/4/6/79465/LICENSE.txt	books_txt/79465.txt
79466	538	7/9/4/6/79466/LICENSE.txt	books_txt/79466.txt
79467	538	7/9/4/6/79467/LICENSE.txt	books_txt/79467.txt
79468	538	7/9/4/6/79468/LICENSE.txt	books_txt/79468.txt
79469	538	7/9/4/6/79469/LICENSE.txt	books_txt/79469.txt
79470	538	7/9/4/7/79470/LICENSE.txt	books_txt/79470.txt
79471	538	7/9/4/7/79471/LICENSE.txt	books_txt/79471.txt
79472	538	7/9/4/7/79472/LICENSE.txt	books_txt/79472.txt
79473	538	7/9/4/7/79473/LICENSE.txt	books_txt/79473.txt
79474	538	7/9/4/7/79474/LICENSE.txt	books_txt/79474.txt
79475	538	7/9/4/7/79475/LICENSE.txt	books_txt/79475.txt
79476	538	7/9/4/7/79476/LICENSE.txt	books_txt/79476.txt
79477	538	7/9/4/7/79477/LICENSE.txt	books_txt/79477.txt
79478	538	7/9/4/7/79478/LICENSE.txt	books_txt/79478.txt
79479	538	7/9/4/7/79479/LICENSE.txt	books_txt/79479.txt
79480	538	7/9/4/8/79480/LICENSE.txt	books_txt/79480.txt
79481	538	7/9/4/8/79481/LICENSE.txt	books_txt/79481.txt
79482	537	7/9/4/8/79482/LICENSE.txt	books_txt/79482.txt
79483	538	7/9/4/8/79483/LICENSE.txt	books_txt/79483.txt
79484	538	7/9/4/8/79484/LICENSE.txt	books_txt/79484.txt
79485	538	7/9/4/8/79485/LICENSE.txt	books_txt/79485.txt
79486	538	7/9/4/8/79486/LICENSE.txt	books_txt/79486.txt
79487	538	7/9/4/8/79487/LICENSE.txt	books_txt/79487.txt
79488	538	7/9/4/8/79488/LICENSE.txt	books_txt/79488.txt
79489	538	7/9/4/8/79489/LICENSE.txt	books_txt/79489.txt
79490	538	7/9/4/9/79490/LICENSE.txt	books_txt/79490.txt
79491	538	7/9/4/9/79491/LICENSE.txt	books_txt/79491.txt
79492	538	7/9/4/9/79492/LICENSE.txt	books_txt/79492.txt
79493	538	7/9/4/9/79493/LICENSE.txt	books_txt/79493.txt
79494	538	7/9/4/9/79494/LICENSE.txt	books_txt/79494.txt
79495	538	7/9/4/9/79495/LICENSE.txt	books_txt/79495.txt
79496	538	7/9/4/9/79496/LICENSE.txt	books_txt/79496.txt
79497	537	7/9/4/9/79497/LICENSE.txt	books_txt/79497.txt
79498	538	7/9/4/9/79498/LICENSE.txt	books_txt/79498.txt
79499	538	7/9/4/9/79499/LICENSE.txt	books_txt/79499.txt
79500	538	7/9/5/0/79500/LICENSE.txt	books_txt/79500.txt
79501	537	7/9/5/0/79501/LICENSE.txt	books_txt/79501.txt
79502	538	7/9/5/0/79502/LICENSE.txt	books_txt/79502.txt
79503	538	7/9/5/0/79503/LICENSE.txt	books_txt/79503.txt
79504	538	7/9/5/0/79504/LICENSE.txt	books_txt/79504.txt
79505	538	7/9/5/0/79505/LICENSE.txt	books_txt/79505.txt
79506	538	7/9/5/0/79506/LICENSE.txt	books_txt/79506.txt
79507	538	7/9/5/0/79507/LICENSE.txt	books_txt/79507.txt
79508	538	7/9/5/0/79508/LICENSE.txt	books_txt/79508.txt
79509	538	7/9/5/0/79509/LICENSE.txt	books_txt/79509.txt
79510	538	7/9/5/1/79510/LICENSE.txt	books_txt/79510.txt
79511	538	7/9/5/1/79511/LICENSE.txt	books_txt/79511.txt
79512	538	7/9/5/1/79512/LICENSE.txt	books_txt/79512.txt
79513	538	7/9/5/1/79513/LICENSE.txt	books_txt/79513.txt
79514	538	7/9/5/1/79514/LICENSE.txt	books_txt/79514.txt
79515	538	7/9/5/1/79515/LICENSE.txt	books_txt/79515.txt
79516	538	7/9/5/1/79516/LICENSE.txt	books_txt/79516.txt
79517	538	7/9/5/1/79517/LICENSE.txt	books_txt/79517.txt
79518	538	7/9/5/1/79518/LICENSE.txt	books_txt/79518.txt
79519	538	7/9/5/1/79519/LICENSE.txt	books_txt/79519.txt
79520	538	7/9/5/2/79520/LICENSE.txt	books_txt/79520.txt
79521	538	7/9/5/2/79521/LICENSE.txt	books_txt/79521.txt
79522	538	7/9/5/2/79522/LICENSE.txt	books_txt/79522.txt
79523	538	7/9/5/2/79523/LICENSE.txt	books_txt/79523.txt
79524	538	7/9/5/2/79524/LICENSE.txt	books_txt/79524.txt
79525	538	7/9/5/2/79525/LICENSE.txt	books_txt/79525.txt
79526	538	7/9/5/2/79526/LICENSE.txt	books_txt/79526.txt
79527	538	7/9/5/2/79527/LICENSE.txt	books_txt/79527.txt
79528	538	7/9/5/2/79528/LICENSE.txt	books_txt/79528.txt
79529	538	7/9/5/2/79529/LICENSE.txt	books_txt/79529.txt
79530	537	7/9/5/3/79530/LICENSE.txt	books_txt/79530.txt
79531	538	7/9/5/3/79531/LICENSE.txt	books_txt/79531.txt
79532	538	7/9/5/3/79532/LICENSE.txt	books_txt/79532.txt
79533	538	7/9/5/3/79533/LICENSE.txt	books_txt/79533.txt
79534	538	7/9/5/3/79534/LICENSE.txt	books_txt/79534.txt
79535	538	7/9/5/3/79535/LICENSE.txt	books_txt/79535.txt
79536	538	7/9/5/3/79536/LICENSE.txt	books_txt/79536.txt
79537	538	7/9/5/3/79537/LICENSE.txt	books_txt/79537.txt
79538	538	7/9/5/3/79538/LICENSE.txt	books_txt/79538.txt
79539	538	7/9/5/3/79539/LICENSE.txt	books_txt/79539.txt
79540	538	7/9/5/4/79540/LICENSE.txt	books_txt/79540.txt
79541	538	7/9/5/4/79541/LICENSE.txt	books_txt/79541.txt
79542	538	7/9/5/4/79542/LICENSE.txt	books_txt/79542.txt
79543	538	7/9/5/4/79543/LICENSE.txt	books_txt/79543.txt
79544	538	7/9/5/4/79544/LICENSE.txt	books_txt/79544.txt
79545	538	7/9/5/4/79545/LICENSE.txt	books_txt/79545.txt
79546	538	7/9/5/4/79546/LICENSE.txt	books_txt/79546.txt
79547	538	7/9/5/4/79547/LICENSE.txt	books_txt/79547.txt
79548	538	7/9/5/4/79548/LICENSE.txt	books_txt/79548.txt
79549	538	7/9/5/4/79549/LICENSE.txt	books_txt/79549.txt
